[{"model": "admin.logentry", "pk": 1, "fields": {"action_time": "2026-04-27T17:15:04.012Z", "user": 1, "content_type": 3, "object_id": "1", "object_repr": "Admin", "action_flag": 1, "change_message": "[{\"added\": {}}]"}}, {"model": "admin.logentry", "pk": 2, "fields": {"action_time": "2026-04-27T17:15:15.585Z", "user": 1, "content_type": 3, "object_id": "2", "object_repr": "Billing", "action_flag": 1, "change_message": "[{\"added\": {}}]"}}, {"model": "admin.logentry", "pk": 3, "fields": {"action_time": "2026-04-27T17:15:23.361Z", "user": 1, "content_type": 3, "object_id": "3", "object_repr": "Trainee", "action_flag": 1, "change_message": "[{\"added\": {}}]"}}, {"model": "admin.logentry", "pk": 4, "fields": {"action_time": "2026-04-27T17:15:56.389Z", "user": 1, "content_type": 4, "object_id": "2", "object_repr": "trainee1", "action_flag": 1, "change_message": "[{\"added\": {}}]"}}, {"model": "admin.logentry", "pk": 5, "fields": {"action_time": "2026-04-27T17:16:03.848Z", "user": 1, "content_type": 4, "object_id": "2", "object_repr": "trainee1", "action_flag": 2, "change_message": "[{\"changed\": {\"fields\": [\"Groups\"]}}]"}}, {"model": "admin.logentry", "pk": 6, "fields": {"action_time": "2026-04-27T17:17:11.321Z", "user": 1, "content_type": 4, "object_id": "3", "object_repr": "member1", "action_flag": 1, "change_message": "[{\"added\": {}}]"}}, {"model": "admin.logentry", "pk": 7, "fields": {"action_time": "2026-04-27T17:17:18.047Z", "user": 1, "content_type": 4, "object_id": "3", "object_repr": "member1", "action_flag": 2, "change_message": "[{\"changed\": {\"fields\": [\"Groups\"]}}]"}}, {"model": "admin.logentry", "pk": 8, "fields": {"action_time": "2026-04-28T02:47:16.755Z", "user": 1, "content_type": 9, "object_id": "10", "object_repr": "Suspension 2", "action_flag": 1, "change_message": "[{\"added\": {}}]"}}, {"model": "admin.logentry", "pk": 9, "fields": {"action_time": "2026-04-29T05:11:21.679Z", "user": 1, "content_type": 3, "object_id": "1", "object_repr": "Admin", "action_flag": 2, "change_message": "[{\"added\": {\"name\": \"group permission\", \"object\": \"Admin send_suspension\"}}, {\"added\": {\"name\": \"group permission\", \"object\": \"Admin send_confirmation\"}}, {\"added\": {\"name\": \"group permission\", \"object\": \"Admin send_queue\"}}, {\"added\": {\"name\": \"group permission\", \"object\": \"Admin send_termination\"}}, {\"added\": {\"name\": \"group permission\", \"object\": \"Admin edit_email_body\"}}, {\"added\": {\"name\": \"group permission\", \"object\": \"Admin view_notifications\"}}, {\"added\": {\"name\": \"group permission\", \"object\": \"Admin receive_action_notifications\"}}, {\"added\": {\"name\": \"group permission\", \"object\": \"Admin receive_warning_notifications\"}}]"}}, {"model": "admin.logentry", "pk": 10, "fields": {"action_time": "2026-04-29T05:12:27.867Z", "user": 1, "content_type": 3, "object_id": "1", "object_repr": "Admin", "action_flag": 2, "change_message": "[]"}}, {"model": "admin.logentry", "pk": 11, "fields": {"action_time": "2026-04-29T05:12:57.144Z", "user": 1, "content_type": 3, "object_id": "2", "object_repr": "Billing", "action_flag": 2, "change_message": "[{\"added\": {\"name\": \"group permission\", \"object\": \"Billing send_suspension\"}}, {\"added\": {\"name\": \"group permission\", \"object\": \"Billing send_confirmation\"}}, {\"added\": {\"name\": \"group permission\", \"object\": \"Billing send_queue\"}}, {\"added\": {\"name\": \"group permission\", \"object\": \"Billing send_termination\"}}, {\"added\": {\"name\": \"group permission\", \"object\": \"Billing edit_email_body\"}}, {\"added\": {\"name\": \"group permission\", \"object\": \"Billing receive_action_notifications\"}}]"}}, {"model": "admin.logentry", "pk": 12, "fields": {"action_time": "2026-04-29T05:13:03.412Z", "user": 1, "content_type": 3, "object_id": "3", "object_repr": "Trainee", "action_flag": 2, "change_message": "[{\"added\": {\"name\": \"group permission\", \"object\": \"Trainee send_suspension\"}}]"}}, {"model": "admin.logentry", "pk": 13, "fields": {"action_time": "2026-04-29T05:13:08.545Z", "user": 1, "content_type": 3, "object_id": "3", "object_repr": "Trainee", "action_flag": 2, "change_message": "[{\"added\": {\"name\": \"group permission\", \"object\": \"Trainee receive_action_notifications\"}}]"}}, {"model": "admin.logentry", "pk": 14, "fields": {"action_time": "2026-04-29T05:14:04.283Z", "user": 1, "content_type": 4, "object_id": "1", "object_repr": "admin", "action_flag": 2, "change_message": "[{\"changed\": {\"fields\": [\"Groups\"]}}]"}}, {"model": "auth.permission", "pk": 1, "fields": {"name": "Can add log entry", "content_type": 1, "codename": "add_logentry"}}, {"model": "auth.permission", "pk": 2, "fields": {"name": "Can change log entry", "content_type": 1, "codename": "change_logentry"}}, {"model": "auth.permission", "pk": 3, "fields": {"name": "Can delete log entry", "content_type": 1, "codename": "delete_logentry"}}, {"model": "auth.permission", "pk": 4, "fields": {"name": "Can view log entry", "content_type": 1, "codename": "view_logentry"}}, {"model": "auth.permission", "pk": 5, "fields": {"name": "Can add permission", "content_type": 2, "codename": "add_permission"}}, {"model": "auth.permission", "pk": 6, "fields": {"name": "Can change permission", "content_type": 2, "codename": "change_permission"}}, {"model": "auth.permission", "pk": 7, "fields": {"name": "Can delete permission", "content_type": 2, "codename": "delete_permission"}}, {"model": "auth.permission", "pk": 8, "fields": {"name": "Can view permission", "content_type": 2, "codename": "view_permission"}}, {"model": "auth.permission", "pk": 9, "fields": {"name": "Can add group", "content_type": 3, "codename": "add_group"}}, {"model": "auth.permission", "pk": 10, "fields": {"name": "Can change group", "content_type": 3, "codename": "change_group"}}, {"model": "auth.permission", "pk": 11, "fields": {"name": "Can delete group", "content_type": 3, "codename": "delete_group"}}, {"model": "auth.permission", "pk": 12, "fields": {"name": "Can view group", "content_type": 3, "codename": "view_group"}}, {"model": "auth.permission", "pk": 13, "fields": {"name": "Can add user", "content_type": 4, "codename": "add_user"}}, {"model": "auth.permission", "pk": 14, "fields": {"name": "Can change user", "content_type": 4, "codename": "change_user"}}, {"model": "auth.permission", "pk": 15, "fields": {"name": "Can delete user", "content_type": 4, "codename": "delete_user"}}, {"model": "auth.permission", "pk": 16, "fields": {"name": "Can view user", "content_type": 4, "codename": "view_user"}}, {"model": "auth.permission", "pk": 17, "fields": {"name": "Can add content type", "content_type": 5, "codename": "add_contenttype"}}, {"model": "auth.permission", "pk": 18, "fields": {"name": "Can change content type", "content_type": 5, "codename": "change_contenttype"}}, {"model": "auth.permission", "pk": 19, "fields": {"name": "Can delete content type", "content_type": 5, "codename": "delete_contenttype"}}, {"model": "auth.permission", "pk": 20, "fields": {"name": "Can view content type", "content_type": 5, "codename": "view_contenttype"}}, {"model": "auth.permission", "pk": 21, "fields": {"name": "Can add session", "content_type": 6, "codename": "add_session"}}, {"model": "auth.permission", "pk": 22, "fields": {"name": "Can change session", "content_type": 6, "codename": "change_session"}}, {"model": "auth.permission", "pk": 23, "fields": {"name": "Can delete session", "content_type": 6, "codename": "delete_session"}}, {"model": "auth.permission", "pk": 24, "fields": {"name": "Can view session", "content_type": 6, "codename": "view_session"}}, {"model": "auth.permission", "pk": 25, "fields": {"name": "Can add client", "content_type": 7, "codename": "add_client"}}, {"model": "auth.permission", "pk": 26, "fields": {"name": "Can change client", "content_type": 7, "codename": "change_client"}}, {"model": "auth.permission", "pk": 27, "fields": {"name": "Can delete client", "content_type": 7, "codename": "delete_client"}}, {"model": "auth.permission", "pk": 28, "fields": {"name": "Can view client", "content_type": 7, "codename": "view_client"}}, {"model": "auth.permission", "pk": 29, "fields": {"name": "Can add invoice", "content_type": 8, "codename": "add_invoice"}}, {"model": "auth.permission", "pk": 30, "fields": {"name": "Can change invoice", "content_type": 8, "codename": "change_invoice"}}, {"model": "auth.permission", "pk": 31, "fields": {"name": "Can delete invoice", "content_type": 8, "codename": "delete_invoice"}}, {"model": "auth.permission", "pk": 32, "fields": {"name": "Can view invoice", "content_type": 8, "codename": "view_invoice"}}, {"model": "auth.permission", "pk": 33, "fields": {"name": "Can add message template", "content_type": 9, "codename": "add_messagetemplate"}}, {"model": "auth.permission", "pk": 34, "fields": {"name": "Can change message template", "content_type": 9, "codename": "change_messagetemplate"}}, {"model": "auth.permission", "pk": 35, "fields": {"name": "Can delete message template", "content_type": 9, "codename": "delete_messagetemplate"}}, {"model": "auth.permission", "pk": 36, "fields": {"name": "Can view message template", "content_type": 9, "codename": "view_messagetemplate"}}, {"model": "auth.permission", "pk": 37, "fields": {"name": "Can add notification", "content_type": 10, "codename": "add_notification"}}, {"model": "auth.permission", "pk": 38, "fields": {"name": "Can change notification", "content_type": 10, "codename": "change_notification"}}, {"model": "auth.permission", "pk": 39, "fields": {"name": "Can delete notification", "content_type": 10, "codename": "delete_notification"}}, {"model": "auth.permission", "pk": 40, "fields": {"name": "Can view notification", "content_type": 10, "codename": "view_notification"}}, {"model": "auth.permission", "pk": 41, "fields": {"name": "Can add invoice item", "content_type": 11, "codename": "add_invoiceitem"}}, {"model": "auth.permission", "pk": 42, "fields": {"name": "Can change invoice item", "content_type": 11, "codename": "change_invoiceitem"}}, {"model": "auth.permission", "pk": 43, "fields": {"name": "Can delete invoice item", "content_type": 11, "codename": "delete_invoiceitem"}}, {"model": "auth.permission", "pk": 44, "fields": {"name": "Can view invoice item", "content_type": 11, "codename": "view_invoiceitem"}}, {"model": "auth.permission", "pk": 45, "fields": {"name": "Can add email log", "content_type": 12, "codename": "add_emaillog"}}, {"model": "auth.permission", "pk": 46, "fields": {"name": "Can change email log", "content_type": 12, "codename": "change_emaillog"}}, {"model": "auth.permission", "pk": 47, "fields": {"name": "Can delete email log", "content_type": 12, "codename": "delete_emaillog"}}, {"model": "auth.permission", "pk": 48, "fields": {"name": "Can view email log", "content_type": 12, "codename": "view_emaillog"}}, {"model": "auth.permission", "pk": 49, "fields": {"name": "Can add action tracker", "content_type": 13, "codename": "add_actiontracker"}}, {"model": "auth.permission", "pk": 50, "fields": {"name": "Can change action tracker", "content_type": 13, "codename": "change_actiontracker"}}, {"model": "auth.permission", "pk": 51, "fields": {"name": "Can delete action tracker", "content_type": 13, "codename": "delete_actiontracker"}}, {"model": "auth.permission", "pk": 52, "fields": {"name": "Can view action tracker", "content_type": 13, "codename": "view_actiontracker"}}, {"model": "auth.permission", "pk": 53, "fields": {"name": "Can add message log", "content_type": 14, "codename": "add_messagelog"}}, {"model": "auth.permission", "pk": 54, "fields": {"name": "Can change message log", "content_type": 14, "codename": "change_messagelog"}}, {"model": "auth.permission", "pk": 55, "fields": {"name": "Can delete message log", "content_type": 14, "codename": "delete_messagelog"}}, {"model": "auth.permission", "pk": 56, "fields": {"name": "Can view message log", "content_type": 14, "codename": "view_messagelog"}}, {"model": "auth.permission", "pk": 57, "fields": {"name": "Can add notification read", "content_type": 15, "codename": "add_notificationread"}}, {"model": "auth.permission", "pk": 58, "fields": {"name": "Can change notification read", "content_type": 15, "codename": "change_notificationread"}}, {"model": "auth.permission", "pk": 59, "fields": {"name": "Can delete notification read", "content_type": 15, "codename": "delete_notificationread"}}, {"model": "auth.permission", "pk": 60, "fields": {"name": "Can view notification read", "content_type": 15, "codename": "view_notificationread"}}, {"model": "auth.permission", "pk": 61, "fields": {"name": "Can add group permission", "content_type": 16, "codename": "add_grouppermission"}}, {"model": "auth.permission", "pk": 62, "fields": {"name": "Can change group permission", "content_type": 16, "codename": "change_grouppermission"}}, {"model": "auth.permission", "pk": 63, "fields": {"name": "Can delete group permission", "content_type": 16, "codename": "delete_grouppermission"}}, {"model": "auth.permission", "pk": 64, "fields": {"name": "Can view group permission", "content_type": 16, "codename": "view_grouppermission"}}, {"model": "auth.permission", "pk": 65, "fields": {"name": "Can add email template", "content_type": 9, "codename": "add_emailtemplate"}}, {"model": "auth.permission", "pk": 66, "fields": {"name": "Can change email template", "content_type": 9, "codename": "change_emailtemplate"}}, {"model": "auth.permission", "pk": 67, "fields": {"name": "Can delete email template", "content_type": 9, "codename": "delete_emailtemplate"}}, {"model": "auth.permission", "pk": 68, "fields": {"name": "Can view email template", "content_type": 9, "codename": "view_emailtemplate"}}, {"model": "auth.permission", "pk": 69, "fields": {"name": "Can add task result", "content_type": 17, "codename": "add_taskresult"}}, {"model": "auth.permission", "pk": 70, "fields": {"name": "Can change task result", "content_type": 17, "codename": "change_taskresult"}}, {"model": "auth.permission", "pk": 71, "fields": {"name": "Can delete task result", "content_type": 17, "codename": "delete_taskresult"}}, {"model": "auth.permission", "pk": 72, "fields": {"name": "Can view task result", "content_type": 17, "codename": "view_taskresult"}}, {"model": "auth.permission", "pk": 73, "fields": {"name": "Can add chord counter", "content_type": 18, "codename": "add_chordcounter"}}, {"model": "auth.permission", "pk": 74, "fields": {"name": "Can change chord counter", "content_type": 18, "codename": "change_chordcounter"}}, {"model": "auth.permission", "pk": 75, "fields": {"name": "Can delete chord counter", "content_type": 18, "codename": "delete_chordcounter"}}, {"model": "auth.permission", "pk": 76, "fields": {"name": "Can view chord counter", "content_type": 18, "codename": "view_chordcounter"}}, {"model": "auth.permission", "pk": 77, "fields": {"name": "Can add group result", "content_type": 19, "codename": "add_groupresult"}}, {"model": "auth.permission", "pk": 78, "fields": {"name": "Can change group result", "content_type": 19, "codename": "change_groupresult"}}, {"model": "auth.permission", "pk": 79, "fields": {"name": "Can delete group result", "content_type": 19, "codename": "delete_groupresult"}}, {"model": "auth.permission", "pk": 80, "fields": {"name": "Can view group result", "content_type": 19, "codename": "view_groupresult"}}, {"model": "auth.permission", "pk": 81, "fields": {"name": "Can add crontab", "content_type": 20, "codename": "add_crontabschedule"}}, {"model": "auth.permission", "pk": 82, "fields": {"name": "Can change crontab", "content_type": 20, "codename": "change_crontabschedule"}}, {"model": "auth.permission", "pk": 83, "fields": {"name": "Can delete crontab", "content_type": 20, "codename": "delete_crontabschedule"}}, {"model": "auth.permission", "pk": 84, "fields": {"name": "Can view crontab", "content_type": 20, "codename": "view_crontabschedule"}}, {"model": "auth.permission", "pk": 85, "fields": {"name": "Can add interval", "content_type": 21, "codename": "add_intervalschedule"}}, {"model": "auth.permission", "pk": 86, "fields": {"name": "Can change interval", "content_type": 21, "codename": "change_intervalschedule"}}, {"model": "auth.permission", "pk": 87, "fields": {"name": "Can delete interval", "content_type": 21, "codename": "delete_intervalschedule"}}, {"model": "auth.permission", "pk": 88, "fields": {"name": "Can view interval", "content_type": 21, "codename": "view_intervalschedule"}}, {"model": "auth.permission", "pk": 89, "fields": {"name": "Can add periodic task", "content_type": 22, "codename": "add_periodictask"}}, {"model": "auth.permission", "pk": 90, "fields": {"name": "Can change periodic task", "content_type": 22, "codename": "change_periodictask"}}, {"model": "auth.permission", "pk": 91, "fields": {"name": "Can delete periodic task", "content_type": 22, "codename": "delete_periodictask"}}, {"model": "auth.permission", "pk": 92, "fields": {"name": "Can view periodic task", "content_type": 22, "codename": "view_periodictask"}}, {"model": "auth.permission", "pk": 93, "fields": {"name": "Can add periodic task track", "content_type": 23, "codename": "add_periodictasks"}}, {"model": "auth.permission", "pk": 94, "fields": {"name": "Can change periodic task track", "content_type": 23, "codename": "change_periodictasks"}}, {"model": "auth.permission", "pk": 95, "fields": {"name": "Can delete periodic task track", "content_type": 23, "codename": "delete_periodictasks"}}, {"model": "auth.permission", "pk": 96, "fields": {"name": "Can view periodic task track", "content_type": 23, "codename": "view_periodictasks"}}, {"model": "auth.permission", "pk": 97, "fields": {"name": "Can add solar event", "content_type": 24, "codename": "add_solarschedule"}}, {"model": "auth.permission", "pk": 98, "fields": {"name": "Can change solar event", "content_type": 24, "codename": "change_solarschedule"}}, {"model": "auth.permission", "pk": 99, "fields": {"name": "Can delete solar event", "content_type": 24, "codename": "delete_solarschedule"}}, {"model": "auth.permission", "pk": 100, "fields": {"name": "Can view solar event", "content_type": 24, "codename": "view_solarschedule"}}, {"model": "auth.permission", "pk": 101, "fields": {"name": "Can add clocked", "content_type": 25, "codename": "add_clockedschedule"}}, {"model": "auth.permission", "pk": 102, "fields": {"name": "Can change clocked", "content_type": 25, "codename": "change_clockedschedule"}}, {"model": "auth.permission", "pk": 103, "fields": {"name": "Can delete clocked", "content_type": 25, "codename": "delete_clockedschedule"}}, {"model": "auth.permission", "pk": 104, "fields": {"name": "Can view clocked", "content_type": 25, "codename": "view_clockedschedule"}}, {"model": "auth.group", "pk": 1, "fields": {"name": "Admin", "permissions": []}}, {"model": "auth.group", "pk": 2, "fields": {"name": "Billing", "permissions": []}}, {"model": "auth.group", "pk": 3, "fields": {"name": "Trainee", "permissions": []}}, {"model": "auth.user", "pk": 1, "fields": {"password": "pbkdf2_sha256$600000$aRVcOXmRSIPAm1c3hV9vRU$rli6aL50MBLvc/u4WCfSC5VI5xW7sX73Ayq2nZAhUNU=", "last_login": "2026-04-29T09:30:56.383Z", "is_superuser": true, "username": "admin", "first_name": "", "last_name": "", "email": "", "is_staff": true, "is_active": true, "date_joined": "2026-04-27T17:14:27Z", "groups": [1], "user_permissions": []}}, {"model": "auth.user", "pk": 2, "fields": {"password": "pbkdf2_sha256$600000$P7r7QZceppWhin61UpdjdH$ZiYwuGGJDBo5zcazdr0bpYc2h2lGVqgzCyIwXboOpcE=", "last_login": "2026-04-29T08:39:23.279Z", "is_superuser": false, "username": "trainee1", "first_name": "", "last_name": "", "email": "", "is_staff": false, "is_active": true, "date_joined": "2026-04-27T17:15:55Z", "groups": [3], "user_permissions": []}}, {"model": "auth.user", "pk": 3, "fields": {"password": "pbkdf2_sha256$600000$3Fji5vesFGPRgeat4iTGyT$xnjKMgcnsSe9HEFT2YRj+EdarbJMeTVd3IXE05fJLfM=", "last_login": "2026-04-29T08:40:03.614Z", "is_superuser": false, "username": "member1", "first_name": "", "last_name": "", "email": "", "is_staff": false, "is_active": true, "date_joined": "2026-04-27T17:17:10Z", "groups": [2], "user_permissions": []}}, {"model": "contenttypes.contenttype", "pk": 1, "fields": {"app_label": "admin", "model": "logentry"}}, {"model": "contenttypes.contenttype", "pk": 2, "fields": {"app_label": "auth", "model": "permission"}}, {"model": "contenttypes.contenttype", "pk": 3, "fields": {"app_label": "auth", "model": "group"}}, {"model": "contenttypes.contenttype", "pk": 4, "fields": {"app_label": "auth", "model": "user"}}, {"model": "contenttypes.contenttype", "pk": 5, "fields": {"app_label": "contenttypes", "model": "contenttype"}}, {"model": "contenttypes.contenttype", "pk": 6, "fields": {"app_label": "sessions", "model": "session"}}, {"model": "contenttypes.contenttype", "pk": 7, "fields": {"app_label": "billing", "model": "client"}}, {"model": "contenttypes.contenttype", "pk": 8, "fields": {"app_label": "billing", "model": "invoice"}}, {"model": "contenttypes.contenttype", "pk": 9, "fields": {"app_label": "billing", "model": "emailtemplate"}}, {"model": "contenttypes.contenttype", "pk": 10, "fields": {"app_label": "billing", "model": "notification"}}, {"model": "contenttypes.contenttype", "pk": 11, "fields": {"app_label": "billing", "model": "invoiceitem"}}, {"model": "contenttypes.contenttype", "pk": 12, "fields": {"app_label": "billing", "model": "emaillog"}}, {"model": "contenttypes.contenttype", "pk": 13, "fields": {"app_label": "billing", "model": "actiontracker"}}, {"model": "contenttypes.contenttype", "pk": 14, "fields": {"app_label": "billing", "model": "messagelog"}}, {"model": "contenttypes.contenttype", "pk": 15, "fields": {"app_label": "billing", "model": "notificationread"}}, {"model": "contenttypes.contenttype", "pk": 16, "fields": {"app_label": "billing", "model": "grouppermission"}}, {"model": "contenttypes.contenttype", "pk": 17, "fields": {"app_label": "django_celery_results", "model": "taskresult"}}, {"model": "contenttypes.contenttype", "pk": 18, "fields": {"app_label": "django_celery_results", "model": "chordcounter"}}, {"model": "contenttypes.contenttype", "pk": 19, "fields": {"app_label": "django_celery_results", "model": "groupresult"}}, {"model": "contenttypes.contenttype", "pk": 20, "fields": {"app_label": "django_celery_beat", "model": "crontabschedule"}}, {"model": "contenttypes.contenttype", "pk": 21, "fields": {"app_label": "django_celery_beat", "model": "intervalschedule"}}, {"model": "contenttypes.contenttype", "pk": 22, "fields": {"app_label": "django_celery_beat", "model": "periodictask"}}, {"model": "contenttypes.contenttype", "pk": 23, "fields": {"app_label": "django_celery_beat", "model": "periodictasks"}}, {"model": "contenttypes.contenttype", "pk": 24, "fields": {"app_label": "django_celery_beat", "model": "solarschedule"}}, {"model": "contenttypes.contenttype", "pk": 25, "fields": {"app_label": "django_celery_beat", "model": "clockedschedule"}}, {"model": "sessions.session", "pk": "n9amxelnlg9r82926y38hxlk1c0hq0zs", "fields": {"session_data": ".eJxVjDsOwjAQBe_iGlmsHf8o6XMGa3ft4ACypTipEHeHSCmgfTPzXiLitpa49bzEOYmLAHH63Qj5kesO0h3rrUludV1mkrsiD9rl2FJ-Xg_376BgL9-adUCdEY3hgR0BnyEwKK0JbVaA1kxWMYfJOvJBQwZGFWzw3viB0In3B-6TN9E:1wI1Fw:FoHi1UD9wIt_TEwAOoj-Cjzd4-scpaRWRXIQSIZEdM0", "expire_date": "2026-05-13T09:30:56.383Z"}}, {"model": "billing.grouppermission", "pk": 1, "fields": {"group": 1, "action": "send_suspension"}}, {"model": "billing.grouppermission", "pk": 2, "fields": {"group": 1, "action": "send_confirmation"}}, {"model": "billing.grouppermission", "pk": 3, "fields": {"group": 1, "action": "send_queue"}}, {"model": "billing.grouppermission", "pk": 4, "fields": {"group": 1, "action": "send_termination"}}, {"model": "billing.grouppermission", "pk": 5, "fields": {"group": 1, "action": "edit_email_body"}}, {"model": "billing.grouppermission", "pk": 6, "fields": {"group": 1, "action": "view_notifications"}}, {"model": "billing.grouppermission", "pk": 7, "fields": {"group": 1, "action": "receive_action_notifications"}}, {"model": "billing.grouppermission", "pk": 8, "fields": {"group": 1, "action": "receive_warning_notifications"}}, {"model": "billing.grouppermission", "pk": 9, "fields": {"group": 2, "action": "send_suspension"}}, {"model": "billing.grouppermission", "pk": 10, "fields": {"group": 2, "action": "send_confirmation"}}, {"model": "billing.grouppermission", "pk": 11, "fields": {"group": 2, "action": "send_queue"}}, {"model": "billing.grouppermission", "pk": 12, "fields": {"group": 2, "action": "send_termination"}}, {"model": "billing.grouppermission", "pk": 13, "fields": {"group": 2, "action": "edit_email_body"}}, {"model": "billing.grouppermission", "pk": 14, "fields": {"group": 2, "action": "receive_action_notifications"}}, {"model": "billing.grouppermission", "pk": 15, "fields": {"group": 3, "action": "send_suspension"}}, {"model": "billing.grouppermission", "pk": 16, "fields": {"group": 3, "action": "receive_action_notifications"}}, {"model": "billing.client", "pk": "C0", "fields": {"firstname": "Client0", "lastname": "Test", "email": "test0@mail.com", "phonenumber": "900000000"}}, {"model": "billing.client", "pk": "C1", "fields": {"firstname": "Client1", "lastname": "Test", "email": "test1@mail.com", "phonenumber": "900000001"}}, {"model": "billing.client", "pk": "C10", "fields": {"firstname": "Client10", "lastname": "Test", "email": "test10@mail.com", "phonenumber": "900000000"}}, {"model": "billing.client", "pk": "C11", "fields": {"firstname": "Client11", "lastname": "Test", "email": "test11@mail.com", "phonenumber": "900000001"}}, {"model": "billing.client", "pk": "C12", "fields": {"firstname": "Client12", "lastname": "Test", "email": "test12@mail.com", "phonenumber": "900000002"}}, {"model": "billing.client", "pk": "C13", "fields": {"firstname": "Client13", "lastname": "Test", "email": "test13@mail.com", "phonenumber": "900000003"}}, {"model": "billing.client", "pk": "C14", "fields": {"firstname": "Client14", "lastname": "Test", "email": "test14@mail.com", "phonenumber": "900000004"}}, {"model": "billing.client", "pk": "C15", "fields": {"firstname": "Client15", "lastname": "Test", "email": "test15@mail.com", "phonenumber": "900000005"}}, {"model": "billing.client", "pk": "C16", "fields": {"firstname": "Client16", "lastname": "Test", "email": "test16@mail.com", "phonenumber": "900000006"}}, {"model": "billing.client", "pk": "C17", "fields": {"firstname": "Client17", "lastname": "Test", "email": "test17@mail.com", "phonenumber": "900000007"}}, {"model": "billing.client", "pk": "C18", "fields": {"firstname": "Client18", "lastname": "Test", "email": "test18@mail.com", "phonenumber": "900000008"}}, {"model": "billing.client", "pk": "C19", "fields": {"firstname": "Client19", "lastname": "Test", "email": "test19@mail.com", "phonenumber": "900000009"}}, {"model": "billing.client", "pk": "C2", "fields": {"firstname": "Client2", "lastname": "Test", "email": "test2@mail.com", "phonenumber": "900000002"}}, {"model": "billing.client", "pk": "C20", "fields": {"firstname": "Client20", "lastname": "Test", "email": "test20@mail.com", "phonenumber": "900000000"}}, {"model": "billing.client", "pk": "C21", "fields": {"firstname": "Client21", "lastname": "Test", "email": "test21@mail.com", "phonenumber": "900000001"}}, {"model": "billing.client", "pk": "C22", "fields": {"firstname": "Client22", "lastname": "Test", "email": "test22@mail.com", "phonenumber": "900000002"}}, {"model": "billing.client", "pk": "C23", "fields": {"firstname": "Client23", "lastname": "Test", "email": "test23@mail.com", "phonenumber": "900000003"}}, {"model": "billing.client", "pk": "C24", "fields": {"firstname": "Client24", "lastname": "Test", "email": "test24@mail.com", "phonenumber": "900000004"}}, {"model": "billing.client", "pk": "C25", "fields": {"firstname": "Client25", "lastname": "Test", "email": "test25@mail.com", "phonenumber": "900000005"}}, {"model": "billing.client", "pk": "C26", "fields": {"firstname": "Client26", "lastname": "Test", "email": "test26@mail.com", "phonenumber": "900000006"}}, {"model": "billing.client", "pk": "C27", "fields": {"firstname": "Client27", "lastname": "Test", "email": "test27@mail.com", "phonenumber": "900000007"}}, {"model": "billing.client", "pk": "C28", "fields": {"firstname": "Client28", "lastname": "Test", "email": "test28@mail.com", "phonenumber": "900000008"}}, {"model": "billing.client", "pk": "C29", "fields": {"firstname": "Client29", "lastname": "Test", "email": "test29@mail.com", "phonenumber": "900000009"}}, {"model": "billing.client", "pk": "C3", "fields": {"firstname": "Client3", "lastname": "Test", "email": "test3@mail.com", "phonenumber": "900000003"}}, {"model": "billing.client", "pk": "C30", "fields": {"firstname": "Client30", "lastname": "Test", "email": "test30@mail.com", "phonenumber": "900000000"}}, {"model": "billing.client", "pk": "C31", "fields": {"firstname": "Client31", "lastname": "Test", "email": "test31@mail.com", "phonenumber": "900000001"}}, {"model": "billing.client", "pk": "C32", "fields": {"firstname": "Client32", "lastname": "Test", "email": "test32@mail.com", "phonenumber": "900000002"}}, {"model": "billing.client", "pk": "C33", "fields": {"firstname": "Client33", "lastname": "Test", "email": "test33@mail.com", "phonenumber": "900000003"}}, {"model": "billing.client", "pk": "C34", "fields": {"firstname": "Client34", "lastname": "Test", "email": "test34@mail.com", "phonenumber": "900000004"}}, {"model": "billing.client", "pk": "C35", "fields": {"firstname": "Client35", "lastname": "Test", "email": "test35@mail.com", "phonenumber": "900000005"}}, {"model": "billing.client", "pk": "C36", "fields": {"firstname": "Client36", "lastname": "Test", "email": "test36@mail.com", "phonenumber": "900000006"}}, {"model": "billing.client", "pk": "C37", "fields": {"firstname": "Client37", "lastname": "Test", "email": "test37@mail.com", "phonenumber": "900000007"}}, {"model": "billing.client", "pk": "C38", "fields": {"firstname": "Client38", "lastname": "Test", "email": "test38@mail.com", "phonenumber": "900000008"}}, {"model": "billing.client", "pk": "C39", "fields": {"firstname": "Client39", "lastname": "Test", "email": "test39@mail.com", "phonenumber": "900000009"}}, {"model": "billing.client", "pk": "C4", "fields": {"firstname": "Client4", "lastname": "Test", "email": "test4@mail.com", "phonenumber": "900000004"}}, {"model": "billing.client", "pk": "C40", "fields": {"firstname": "Client40", "lastname": "Test", "email": "test40@mail.com", "phonenumber": "900000000"}}, {"model": "billing.client", "pk": "C41", "fields": {"firstname": "Client41", "lastname": "Test", "email": "test41@mail.com", "phonenumber": "900000001"}}, {"model": "billing.client", "pk": "C42", "fields": {"firstname": "Client42", "lastname": "Test", "email": "test42@mail.com", "phonenumber": "900000002"}}, {"model": "billing.client", "pk": "C43", "fields": {"firstname": "Client43", "lastname": "Test", "email": "test43@mail.com", "phonenumber": "900000003"}}, {"model": "billing.client", "pk": "C44", "fields": {"firstname": "Client44", "lastname": "Test", "email": "test44@mail.com", "phonenumber": "900000004"}}, {"model": "billing.client", "pk": "C45", "fields": {"firstname": "Client45", "lastname": "Test", "email": "test45@mail.com", "phonenumber": "900000005"}}, {"model": "billing.client", "pk": "C46", "fields": {"firstname": "Client46", "lastname": "Test", "email": "test46@mail.com", "phonenumber": "900000006"}}, {"model": "billing.client", "pk": "C47", "fields": {"firstname": "Client47", "lastname": "Test", "email": "test47@mail.com", "phonenumber": "900000007"}}, {"model": "billing.client", "pk": "C48", "fields": {"firstname": "Client48", "lastname": "Test", "email": "test48@mail.com", "phonenumber": "900000008"}}, {"model": "billing.client", "pk": "C49", "fields": {"firstname": "Client49", "lastname": "Test", "email": "test49@mail.com", "phonenumber": "900000009"}}, {"model": "billing.client", "pk": "C5", "fields": {"firstname": "Client5", "lastname": "Test", "email": "test5@mail.com", "phonenumber": "900000005"}}, {"model": "billing.client", "pk": "C50", "fields": {"firstname": "Client50", "lastname": "Test", "email": "test50@mail.com", "phonenumber": "900000000"}}, {"model": "billing.client", "pk": "C51", "fields": {"firstname": "Client51", "lastname": "Test", "email": "test51@mail.com", "phonenumber": "900000001"}}, {"model": "billing.client", "pk": "C52", "fields": {"firstname": "Client52", "lastname": "Test", "email": "test52@mail.com", "phonenumber": "900000002"}}, {"model": "billing.client", "pk": "C53", "fields": {"firstname": "Client53", "lastname": "Test", "email": "test53@mail.com", "phonenumber": "900000003"}}, {"model": "billing.client", "pk": "C54", "fields": {"firstname": "Client54", "lastname": "Test", "email": "test54@mail.com", "phonenumber": "900000004"}}, {"model": "billing.client", "pk": "C55", "fields": {"firstname": "Client55", "lastname": "Test", "email": "test55@mail.com", "phonenumber": "900000005"}}, {"model": "billing.client", "pk": "C56", "fields": {"firstname": "Client56", "lastname": "Test", "email": "test56@mail.com", "phonenumber": "900000006"}}, {"model": "billing.client", "pk": "C57", "fields": {"firstname": "Client57", "lastname": "Test", "email": "test57@mail.com", "phonenumber": "900000007"}}, {"model": "billing.client", "pk": "C58", "fields": {"firstname": "Client58", "lastname": "Test", "email": "test58@mail.com", "phonenumber": "900000008"}}, {"model": "billing.client", "pk": "C59", "fields": {"firstname": "Client59", "lastname": "Test", "email": "test59@mail.com", "phonenumber": "900000009"}}, {"model": "billing.client", "pk": "C6", "fields": {"firstname": "Client6", "lastname": "Test", "email": "test6@mail.com", "phonenumber": "900000006"}}, {"model": "billing.client", "pk": "C60", "fields": {"firstname": "Client60", "lastname": "Test", "email": "test60@mail.com", "phonenumber": "900000000"}}, {"model": "billing.client", "pk": "C61", "fields": {"firstname": "Client61", "lastname": "Test", "email": "test61@mail.com", "phonenumber": "900000001"}}, {"model": "billing.client", "pk": "C62", "fields": {"firstname": "Client62", "lastname": "Test", "email": "test62@mail.com", "phonenumber": "900000002"}}, {"model": "billing.client", "pk": "C63", "fields": {"firstname": "Client63", "lastname": "Test", "email": "test63@mail.com", "phonenumber": "900000003"}}, {"model": "billing.client", "pk": "C64", "fields": {"firstname": "Client64", "lastname": "Test", "email": "test64@mail.com", "phonenumber": "900000004"}}, {"model": "billing.client", "pk": "C65", "fields": {"firstname": "Client65", "lastname": "Test", "email": "test65@mail.com", "phonenumber": "900000005"}}, {"model": "billing.client", "pk": "C66", "fields": {"firstname": "Client66", "lastname": "Test", "email": "test66@mail.com", "phonenumber": "900000006"}}, {"model": "billing.client", "pk": "C67", "fields": {"firstname": "Client67", "lastname": "Test", "email": "test67@mail.com", "phonenumber": "900000007"}}, {"model": "billing.client", "pk": "C68", "fields": {"firstname": "Client68", "lastname": "Test", "email": "test68@mail.com", "phonenumber": "900000008"}}, {"model": "billing.client", "pk": "C69", "fields": {"firstname": "Client69", "lastname": "Test", "email": "test69@mail.com", "phonenumber": "900000009"}}, {"model": "billing.client", "pk": "C7", "fields": {"firstname": "Client7", "lastname": "Test", "email": "test7@mail.com", "phonenumber": "900000007"}}, {"model": "billing.client", "pk": "C70", "fields": {"firstname": "Client70", "lastname": "Test", "email": "test70@mail.com", "phonenumber": "900000000"}}, {"model": "billing.client", "pk": "C71", "fields": {"firstname": "Client71", "lastname": "Test", "email": "test71@mail.com", "phonenumber": "900000001"}}, {"model": "billing.client", "pk": "C72", "fields": {"firstname": "Client72", "lastname": "Test", "email": "test72@mail.com", "phonenumber": "900000002"}}, {"model": "billing.client", "pk": "C73", "fields": {"firstname": "Client73", "lastname": "Test", "email": "test73@mail.com", "phonenumber": "900000003"}}, {"model": "billing.client", "pk": "C74", "fields": {"firstname": "Client74", "lastname": "Test", "email": "test74@mail.com", "phonenumber": "900000004"}}, {"model": "billing.client", "pk": "C75", "fields": {"firstname": "Client75", "lastname": "Test", "email": "test75@mail.com", "phonenumber": "900000005"}}, {"model": "billing.client", "pk": "C76", "fields": {"firstname": "Client76", "lastname": "Test", "email": "test76@mail.com", "phonenumber": "900000006"}}, {"model": "billing.client", "pk": "C77", "fields": {"firstname": "Client77", "lastname": "Test", "email": "test77@mail.com", "phonenumber": "900000007"}}, {"model": "billing.client", "pk": "C78", "fields": {"firstname": "Client78", "lastname": "Test", "email": "test78@mail.com", "phonenumber": "900000008"}}, {"model": "billing.client", "pk": "C79", "fields": {"firstname": "Client79", "lastname": "Test", "email": "test79@mail.com", "phonenumber": "900000009"}}, {"model": "billing.client", "pk": "C8", "fields": {"firstname": "Client8", "lastname": "Test", "email": "test8@mail.com", "phonenumber": "900000008"}}, {"model": "billing.client", "pk": "C80", "fields": {"firstname": "Client80", "lastname": "Test", "email": "test80@mail.com", "phonenumber": "900000000"}}, {"model": "billing.client", "pk": "C81", "fields": {"firstname": "Client81", "lastname": "Test", "email": "test81@mail.com", "phonenumber": "900000001"}}, {"model": "billing.client", "pk": "C82", "fields": {"firstname": "Client82", "lastname": "Test", "email": "test82@mail.com", "phonenumber": "900000002"}}, {"model": "billing.client", "pk": "C83", "fields": {"firstname": "Client83", "lastname": "Test", "email": "test83@mail.com", "phonenumber": "900000003"}}, {"model": "billing.client", "pk": "C84", "fields": {"firstname": "Client84", "lastname": "Test", "email": "test84@mail.com", "phonenumber": "900000004"}}, {"model": "billing.client", "pk": "C85", "fields": {"firstname": "Client85", "lastname": "Test", "email": "test85@mail.com", "phonenumber": "900000005"}}, {"model": "billing.client", "pk": "C86", "fields": {"firstname": "Client86", "lastname": "Test", "email": "test86@mail.com", "phonenumber": "900000006"}}, {"model": "billing.client", "pk": "C87", "fields": {"firstname": "Client87", "lastname": "Test", "email": "test87@mail.com", "phonenumber": "900000007"}}, {"model": "billing.client", "pk": "C88", "fields": {"firstname": "Client88", "lastname": "Test", "email": "test88@mail.com", "phonenumber": "900000008"}}, {"model": "billing.client", "pk": "C89", "fields": {"firstname": "Client89", "lastname": "Test", "email": "test89@mail.com", "phonenumber": "900000009"}}, {"model": "billing.client", "pk": "C9", "fields": {"firstname": "Client9", "lastname": "Test", "email": "test9@mail.com", "phonenumber": "900000009"}}, {"model": "billing.client", "pk": "C90", "fields": {"firstname": "Client90", "lastname": "Test", "email": "test90@mail.com", "phonenumber": "900000000"}}, {"model": "billing.client", "pk": "C91", "fields": {"firstname": "Client91", "lastname": "Test", "email": "test91@mail.com", "phonenumber": "900000001"}}, {"model": "billing.client", "pk": "C92", "fields": {"firstname": "Client92", "lastname": "Test", "email": "test92@mail.com", "phonenumber": "900000002"}}, {"model": "billing.client", "pk": "C93", "fields": {"firstname": "Client93", "lastname": "Test", "email": "test93@mail.com", "phonenumber": "900000003"}}, {"model": "billing.client", "pk": "C94", "fields": {"firstname": "Client94", "lastname": "Test", "email": "test94@mail.com", "phonenumber": "900000004"}}, {"model": "billing.client", "pk": "C95", "fields": {"firstname": "Client95", "lastname": "Test", "email": "test95@mail.com", "phonenumber": "900000005"}}, {"model": "billing.client", "pk": "C96", "fields": {"firstname": "Client96", "lastname": "Test", "email": "test96@mail.com", "phonenumber": "900000006"}}, {"model": "billing.client", "pk": "C97", "fields": {"firstname": "Client97", "lastname": "Test", "email": "test97@mail.com", "phonenumber": "900000007"}}, {"model": "billing.client", "pk": "C98", "fields": {"firstname": "Client98", "lastname": "Test", "email": "test98@mail.com", "phonenumber": "900000008"}}, {"model": "billing.client", "pk": "C99", "fields": {"firstname": "Client99", "lastname": "Test", "email": "test99@mail.com", "phonenumber": "900000009"}}, {"model": "billing.invoice", "pk": "INV0", "fields": {"status": "unpaid", "client": "C0", "date": "2026-04-27", "duedate": "2026-04-28", "total": "385.00", "notes": "Test invoice"}}, {"model": "billing.invoice", "pk": "INV1", "fields": {"status": "unpaid", "client": "C1", "date": "2026-04-25", "duedate": "2026-04-28", "total": "933.00", "notes": "Test invoice"}}, {"model": "billing.invoice", "pk": "INV10", "fields": {"status": "unpaid", "client": "C10", "date": "2026-04-21", "duedate": "2026-04-28", "total": "531.00", "notes": "Test invoice"}}, {"model": "billing.invoice", "pk": "INV11", "fields": {"status": "unpaid", "client": "C11", "date": "2026-04-24", "duedate": "2026-04-28", "total": "527.00", "notes": "Test invoice"}}, {"model": "billing.invoice", "pk": "INV12", "fields": {"status": "unpaid", "client": "C12", "date": "2026-04-21", "duedate": "2026-04-28", "total": "344.00", "notes": "Test invoice"}}, {"model": "billing.invoice", "pk": "INV13", "fields": {"status": "unpaid", "client": "C13", "date": "2026-04-21", "duedate": "2026-04-28", "total": "677.00", "notes": "Test invoice"}}, {"model": "billing.invoice", "pk": "INV14", "fields": {"status": "unpaid", "client": "C14", "date": "2026-04-20", "duedate": "2026-04-28", "total": "539.00", "notes": "Test invoice"}}, {"model": "billing.invoice", "pk": "INV15", "fields": {"status": "unpaid", "client": "C15", "date": "2026-04-23", "duedate": "2026-04-28", "total": "739.00", "notes": "Test invoice"}}, {"model": "billing.invoice", "pk": "INV16", "fields": {"status": "unpaid", "client": "C16", "date": "2026-04-20", "duedate": "2026-04-28", "total": "139.00", "notes": "Test invoice"}}, {"model": "billing.invoice", "pk": "INV17", "fields": {"status": "unpaid", "client": "C17", "date": "2026-04-23", "duedate": "2026-04-28", "total": "787.00", "notes": "Test invoice"}}, {"model": "billing.invoice", "pk": "INV18", "fields": {"status": "unpaid", "client": "C18", "date": "2026-04-24", "duedate": "2026-04-28", "total": "361.00", "notes": "Test invoice"}}, {"model": "billing.invoice", "pk": "INV19", "fields": {"status": "unpaid", "client": "C19", "date": "2026-04-25", "duedate": "2026-04-28", "total": "403.00", "notes": "Test invoice"}}, {"model": "billing.invoice", "pk": "INV2", "fields": {"status": "unpaid", "client": "C2", "date": "2026-04-19", "duedate": "2026-04-28", "total": "455.00", "notes": "Test invoice"}}, {"model": "billing.invoice", "pk": "INV20", "fields": {"status": "unpaid", "client": "C20", "date": "2026-04-27", "duedate": "2026-04-28", "total": "404.00", "notes": "Test invoice"}}, {"model": "billing.invoice", "pk": "INV21", "fields": {"status": "unpaid", "client": "C21", "date": "2026-04-26", "duedate": "2026-04-28", "total": "471.00", "notes": "Test invoice"}}, {"model": "billing.invoice", "pk": "INV22", "fields": {"status": "unpaid", "client": "C22", "date": "2026-04-23", "duedate": "2026-04-28", "total": "680.00", "notes": "Test invoice"}}, {"model": "billing.invoice", "pk": "INV23", "fields": {"status": "unpaid", "client": "C23", "date": "2026-04-20", "duedate": "2026-04-28", "total": "954.00", "notes": "Test invoice"}}, {"model": "billing.invoice", "pk": "INV24", "fields": {"status": "unpaid", "client": "C24", "date": "2026-04-20", "duedate": "2026-04-28", "total": "184.00", "notes": "Test invoice"}}, {"model": "billing.invoice", "pk": "INV25", "fields": {"status": "unpaid", "client": "C25", "date": "2026-04-27", "duedate": "2026-04-28", "total": "384.00", "notes": "Test invoice"}}, {"model": "billing.invoice", "pk": "INV26", "fields": {"status": "unpaid", "client": "C26", "date": "2026-04-20", "duedate": "2026-04-28", "total": "199.00", "notes": "Test invoice"}}, {"model": "billing.invoice", "pk": "INV27", "fields": {"status": "unpaid", "client": "C27", "date": "2026-04-26", "duedate": "2026-04-28", "total": "248.00", "notes": "Test invoice"}}, {"model": "billing.invoice", "pk": "INV28", "fields": {"status": "unpaid", "client": "C28", "date": "2026-04-20", "duedate": "2026-04-28", "total": "634.00", "notes": "Test invoice"}}, {"model": "billing.invoice", "pk": "INV29", "fields": {"status": "unpaid", "client": "C29", "date": "2026-04-20", "duedate": "2026-04-28", "total": "368.00", "notes": "Test invoice"}}, {"model": "billing.invoice", "pk": "INV3", "fields": {"status": "unpaid", "client": "C3", "date": "2026-04-18", "duedate": "2026-04-28", "total": "191.00", "notes": "Test invoice"}}, {"model": "billing.invoice", "pk": "INV30", "fields": {"status": "unpaid", "client": "C30", "date": "2026-04-18", "duedate": "2026-04-28", "total": "907.00", "notes": "Test invoice"}}, {"model": "billing.invoice", "pk": "INV31", "fields": {"status": "unpaid", "client": "C31", "date": "2026-04-23", "duedate": "2026-04-28", "total": "658.00", "notes": "Test invoice"}}, {"model": "billing.invoice", "pk": "INV32", "fields": {"status": "unpaid", "client": "C32", "date": "2026-04-21", "duedate": "2026-04-28", "total": "520.00", "notes": "Test invoice"}}, {"model": "billing.invoice", "pk": "INV33", "fields": {"status": "unpaid", "client": "C33", "date": "2026-04-20", "duedate": "2026-04-28", "total": "950.00", "notes": "Test invoice"}}, {"model": "billing.invoice", "pk": "INV34", "fields": {"status": "unpaid", "client": "C34", "date": "2026-04-26", "duedate": "2026-04-28", "total": "389.00", "notes": "Test invoice"}}, {"model": "billing.invoice", "pk": "INV35", "fields": {"status": "unpaid", "client": "C35", "date": "2026-04-19", "duedate": "2026-04-28", "total": "806.00", "notes": "Test invoice"}}, {"model": "billing.invoice", "pk": "INV36", "fields": {"status": "unpaid", "client": "C36", "date": "2026-04-25", "duedate": "2026-04-28", "total": "613.00", "notes": "Test invoice"}}, {"model": "billing.invoice", "pk": "INV37", "fields": {"status": "unpaid", "client": "C37", "date": "2026-04-19", "duedate": "2026-04-28", "total": "684.00", "notes": "Test invoice"}}, {"model": "billing.invoice", "pk": "INV38", "fields": {"status": "unpaid", "client": "C38", "date": "2026-04-24", "duedate": "2026-04-28", "total": "562.00", "notes": "Test invoice"}}, {"model": "billing.invoice", "pk": "INV39", "fields": {"status": "unpaid", "client": "C39", "date": "2026-04-23", "duedate": "2026-04-28", "total": "436.00", "notes": "Test invoice"}}, {"model": "billing.invoice", "pk": "INV4", "fields": {"status": "unpaid", "client": "C4", "date": "2026-04-23", "duedate": "2026-04-28", "total": "424.00", "notes": "Test invoice"}}, {"model": "billing.invoice", "pk": "INV40", "fields": {"status": "unpaid", "client": "C40", "date": "2026-04-23", "duedate": "2026-04-28", "total": "188.00", "notes": "Test invoice"}}, {"model": "billing.invoice", "pk": "INV41", "fields": {"status": "unpaid", "client": "C41", "date": "2026-04-21", "duedate": "2026-04-28", "total": "265.00", "notes": "Test invoice"}}, {"model": "billing.invoice", "pk": "INV42", "fields": {"status": "unpaid", "client": "C42", "date": "2026-04-22", "duedate": "2026-04-28", "total": "140.00", "notes": "Test invoice"}}, {"model": "billing.invoice", "pk": "INV43", "fields": {"status": "unpaid", "client": "C43", "date": "2026-04-23", "duedate": "2026-04-28", "total": "560.00", "notes": "Test invoice"}}, {"model": "billing.invoice", "pk": "INV44", "fields": {"status": "unpaid", "client": "C44", "date": "2026-04-22", "duedate": "2026-04-28", "total": "721.00", "notes": "Test invoice"}}, {"model": "billing.invoice", "pk": "INV45", "fields": {"status": "unpaid", "client": "C45", "date": "2026-04-18", "duedate": "2026-04-28", "total": "793.00", "notes": "Test invoice"}}, {"model": "billing.invoice", "pk": "INV46", "fields": {"status": "unpaid", "client": "C46", "date": "2026-04-20", "duedate": "2026-04-28", "total": "486.00", "notes": "Test invoice"}}, {"model": "billing.invoice", "pk": "INV47", "fields": {"status": "unpaid", "client": "C47", "date": "2026-04-25", "duedate": "2026-04-28", "total": "944.00", "notes": "Test invoice"}}, {"model": "billing.invoice", "pk": "INV48", "fields": {"status": "unpaid", "client": "C48", "date": "2026-04-24", "duedate": "2026-04-28", "total": "109.00", "notes": "Test invoice"}}, {"model": "billing.invoice", "pk": "INV49", "fields": {"status": "unpaid", "client": "C49", "date": "2026-04-25", "duedate": "2026-04-28", "total": "950.00", "notes": "Test invoice"}}, {"model": "billing.invoice", "pk": "INV5", "fields": {"status": "unpaid", "client": "C5", "date": "2026-04-23", "duedate": "2026-04-28", "total": "425.00", "notes": "Test invoice"}}, {"model": "billing.invoice", "pk": "INV50", "fields": {"status": "unpaid", "client": "C50", "date": "2026-04-20", "duedate": "2026-04-28", "total": "997.00", "notes": "Test invoice"}}, {"model": "billing.invoice", "pk": "INV51", "fields": {"status": "unpaid", "client": "C51", "date": "2026-04-25", "duedate": "2026-04-28", "total": "954.00", "notes": "Test invoice"}}, {"model": "billing.invoice", "pk": "INV52", "fields": {"status": "unpaid", "client": "C52", "date": "2026-04-21", "duedate": "2026-04-28", "total": "330.00", "notes": "Test invoice"}}, {"model": "billing.invoice", "pk": "INV53", "fields": {"status": "unpaid", "client": "C53", "date": "2026-04-25", "duedate": "2026-04-28", "total": "228.00", "notes": "Test invoice"}}, {"model": "billing.invoice", "pk": "INV54", "fields": {"status": "unpaid", "client": "C54", "date": "2026-04-25", "duedate": "2026-04-28", "total": "827.00", "notes": "Test invoice"}}, {"model": "billing.invoice", "pk": "INV55", "fields": {"status": "unpaid", "client": "C55", "date": "2026-04-23", "duedate": "2026-04-28", "total": "441.00", "notes": "Test invoice"}}, {"model": "billing.invoice", "pk": "INV56", "fields": {"status": "unpaid", "client": "C56", "date": "2026-04-25", "duedate": "2026-04-28", "total": "950.00", "notes": "Test invoice"}}, {"model": "billing.invoice", "pk": "INV57", "fields": {"status": "unpaid", "client": "C57", "date": "2026-04-25", "duedate": "2026-04-28", "total": "272.00", "notes": "Test invoice"}}, {"model": "billing.invoice", "pk": "INV58", "fields": {"status": "unpaid", "client": "C58", "date": "2026-04-26", "duedate": "2026-04-28", "total": "702.00", "notes": "Test invoice"}}, {"model": "billing.invoice", "pk": "INV59", "fields": {"status": "unpaid", "client": "C59", "date": "2026-04-20", "duedate": "2026-04-28", "total": "358.00", "notes": "Test invoice"}}, {"model": "billing.invoice", "pk": "INV6", "fields": {"status": "unpaid", "client": "C6", "date": "2026-04-24", "duedate": "2026-04-28", "total": "822.00", "notes": "Test invoice"}}, {"model": "billing.invoice", "pk": "INV60", "fields": {"status": "unpaid", "client": "C60", "date": "2026-04-24", "duedate": "2026-04-28", "total": "543.00", "notes": "Test invoice"}}, {"model": "billing.invoice", "pk": "INV61", "fields": {"status": "unpaid", "client": "C61", "date": "2026-04-18", "duedate": "2026-04-28", "total": "667.00", "notes": "Test invoice"}}, {"model": "billing.invoice", "pk": "INV62", "fields": {"status": "unpaid", "client": "C62", "date": "2026-04-24", "duedate": "2026-04-28", "total": "934.00", "notes": "Test invoice"}}, {"model": "billing.invoice", "pk": "INV63", "fields": {"status": "unpaid", "client": "C63", "date": "2026-04-22", "duedate": "2026-04-28", "total": "416.00", "notes": "Test invoice"}}, {"model": "billing.invoice", "pk": "INV64", "fields": {"status": "unpaid", "client": "C64", "date": "2026-04-24", "duedate": "2026-04-28", "total": "320.00", "notes": "Test invoice"}}, {"model": "billing.invoice", "pk": "INV65", "fields": {"status": "unpaid", "client": "C65", "date": "2026-04-19", "duedate": "2026-04-28", "total": "818.00", "notes": "Test invoice"}}, {"model": "billing.invoice", "pk": "INV66", "fields": {"status": "unpaid", "client": "C66", "date": "2026-04-22", "duedate": "2026-04-28", "total": "431.00", "notes": "Test invoice"}}, {"model": "billing.invoice", "pk": "INV67", "fields": {"status": "unpaid", "client": "C67", "date": "2026-04-27", "duedate": "2026-04-28", "total": "543.00", "notes": "Test invoice"}}, {"model": "billing.invoice", "pk": "INV68", "fields": {"status": "unpaid", "client": "C68", "date": "2026-04-27", "duedate": "2026-04-28", "total": "724.00", "notes": "Test invoice"}}, {"model": "billing.invoice", "pk": "INV69", "fields": {"status": "unpaid", "client": "C69", "date": "2026-04-21", "duedate": "2026-04-28", "total": "773.00", "notes": "Test invoice"}}, {"model": "billing.invoice", "pk": "INV7", "fields": {"status": "unpaid", "client": "C7", "date": "2026-04-21", "duedate": "2026-04-28", "total": "596.00", "notes": "Test invoice"}}, {"model": "billing.invoice", "pk": "INV70", "fields": {"status": "unpaid", "client": "C70", "date": "2026-04-20", "duedate": "2026-04-28", "total": "880.00", "notes": "Test invoice"}}, {"model": "billing.invoice", "pk": "INV71", "fields": {"status": "unpaid", "client": "C71", "date": "2026-04-25", "duedate": "2026-04-28", "total": "666.00", "notes": "Test invoice"}}, {"model": "billing.invoice", "pk": "INV72", "fields": {"status": "unpaid", "client": "C72", "date": "2026-04-23", "duedate": "2026-04-28", "total": "555.00", "notes": "Test invoice"}}, {"model": "billing.invoice", "pk": "INV73", "fields": {"status": "unpaid", "client": "C73", "date": "2026-04-18", "duedate": "2026-04-28", "total": "728.00", "notes": "Test invoice"}}, {"model": "billing.invoice", "pk": "INV74", "fields": {"status": "unpaid", "client": "C74", "date": "2026-04-25", "duedate": "2026-04-28", "total": "791.00", "notes": "Test invoice"}}, {"model": "billing.invoice", "pk": "INV75", "fields": {"status": "unpaid", "client": "C75", "date": "2026-04-18", "duedate": "2026-04-28", "total": "650.00", "notes": "Test invoice"}}, {"model": "billing.invoice", "pk": "INV76", "fields": {"status": "unpaid", "client": "C76", "date": "2026-04-25", "duedate": "2026-04-28", "total": "105.00", "notes": "Test invoice"}}, {"model": "billing.invoice", "pk": "INV77", "fields": {"status": "unpaid", "client": "C77", "date": "2026-04-21", "duedate": "2026-04-28", "total": "340.00", "notes": "Test invoice"}}, {"model": "billing.invoice", "pk": "INV78", "fields": {"status": "unpaid", "client": "C78", "date": "2026-04-21", "duedate": "2026-04-28", "total": "424.00", "notes": "Test invoice"}}, {"model": "billing.invoice", "pk": "INV79", "fields": {"status": "unpaid", "client": "C79", "date": "2026-04-27", "duedate": "2026-04-28", "total": "784.00", "notes": "Test invoice"}}, {"model": "billing.invoice", "pk": "INV8", "fields": {"status": "unpaid", "client": "C8", "date": "2026-04-25", "duedate": "2026-04-28", "total": "683.00", "notes": "Test invoice"}}, {"model": "billing.invoice", "pk": "INV80", "fields": {"status": "unpaid", "client": "C80", "date": "2026-04-26", "duedate": "2026-04-28", "total": "983.00", "notes": "Test invoice"}}, {"model": "billing.invoice", "pk": "INV81", "fields": {"status": "unpaid", "client": "C81", "date": "2026-04-26", "duedate": "2026-04-28", "total": "563.00", "notes": "Test invoice"}}, {"model": "billing.invoice", "pk": "INV82", "fields": {"status": "unpaid", "client": "C82", "date": "2026-04-19", "duedate": "2026-04-28", "total": "695.00", "notes": "Test invoice"}}, {"model": "billing.invoice", "pk": "INV83", "fields": {"status": "unpaid", "client": "C83", "date": "2026-04-27", "duedate": "2026-04-28", "total": "642.00", "notes": "Test invoice"}}, {"model": "billing.invoice", "pk": "INV84", "fields": {"status": "unpaid", "client": "C84", "date": "2026-04-24", "duedate": "2026-04-28", "total": "801.00", "notes": "Test invoice"}}, {"model": "billing.invoice", "pk": "INV85", "fields": {"status": "unpaid", "client": "C85", "date": "2026-04-21", "duedate": "2026-04-28", "total": "817.00", "notes": "Test invoice"}}, {"model": "billing.invoice", "pk": "INV86", "fields": {"status": "unpaid", "client": "C86", "date": "2026-04-18", "duedate": "2026-04-28", "total": "870.00", "notes": "Test invoice"}}, {"model": "billing.invoice", "pk": "INV87", "fields": {"status": "unpaid", "client": "C87", "date": "2026-04-20", "duedate": "2026-04-28", "total": "632.00", "notes": "Test invoice"}}, {"model": "billing.invoice", "pk": "INV88", "fields": {"status": "unpaid", "client": "C88", "date": "2026-04-20", "duedate": "2026-04-28", "total": "123.00", "notes": "Test invoice"}}, {"model": "billing.invoice", "pk": "INV89", "fields": {"status": "unpaid", "client": "C89", "date": "2026-04-26", "duedate": "2026-04-28", "total": "166.00", "notes": "Test invoice"}}, {"model": "billing.invoice", "pk": "INV9", "fields": {"status": "unpaid", "client": "C9", "date": "2026-04-20", "duedate": "2026-04-28", "total": "130.00", "notes": "Test invoice"}}, {"model": "billing.invoice", "pk": "INV90", "fields": {"status": "unpaid", "client": "C90", "date": "2026-04-18", "duedate": "2026-04-28", "total": "844.00", "notes": "Test invoice"}}, {"model": "billing.invoice", "pk": "INV91", "fields": {"status": "unpaid", "client": "C91", "date": "2026-04-25", "duedate": "2026-04-28", "total": "839.00", "notes": "Test invoice"}}, {"model": "billing.invoice", "pk": "INV92", "fields": {"status": "unpaid", "client": "C92", "date": "2026-04-24", "duedate": "2026-04-28", "total": "150.00", "notes": "Test invoice"}}, {"model": "billing.invoice", "pk": "INV93", "fields": {"status": "unpaid", "client": "C93", "date": "2026-04-25", "duedate": "2026-04-28", "total": "125.00", "notes": "Test invoice"}}, {"model": "billing.invoice", "pk": "INV94", "fields": {"status": "unpaid", "client": "C94", "date": "2026-04-22", "duedate": "2026-04-28", "total": "748.00", "notes": "Test invoice"}}, {"model": "billing.invoice", "pk": "INV95", "fields": {"status": "unpaid", "client": "C95", "date": "2026-04-22", "duedate": "2026-04-28", "total": "752.00", "notes": "Test invoice"}}, {"model": "billing.invoice", "pk": "INV96", "fields": {"status": "unpaid", "client": "C96", "date": "2026-04-22", "duedate": "2026-04-28", "total": "853.00", "notes": "Test invoice"}}, {"model": "billing.invoice", "pk": "INV97", "fields": {"status": "unpaid", "client": "C97", "date": "2026-04-25", "duedate": "2026-04-28", "total": "955.00", "notes": "Test invoice"}}, {"model": "billing.invoice", "pk": "INV98", "fields": {"status": "unpaid", "client": "C98", "date": "2026-04-21", "duedate": "2026-04-28", "total": "605.00", "notes": "Test invoice"}}, {"model": "billing.invoice", "pk": "INV99", "fields": {"status": "unpaid", "client": "C99", "date": "2026-04-19", "duedate": "2026-04-28", "total": "221.00", "notes": "Test invoice"}}, {"model": "billing.invoiceitem", "pk": 205, "fields": {"invoice": "INV0", "item_type": "Domain", "description": "Test service", "amount": "385.00", "domain_name": "site0.com", "plan_name": "Basic"}}, {"model": "billing.invoiceitem", "pk": 206, "fields": {"invoice": "INV1", "item_type": "Hosting", "description": "Test service", "amount": "933.00", "domain_name": "site1.com", "plan_name": "Basic"}}, {"model": "billing.invoiceitem", "pk": 207, "fields": {"invoice": "INV2", "item_type": "VPS", "description": "Test service", "amount": "455.00", "domain_name": "site2.com", "plan_name": "Pro"}}, {"model": "billing.invoiceitem", "pk": 208, "fields": {"invoice": "INV3", "item_type": "Domain", "description": "Test service", "amount": "191.00", "domain_name": "site3.com", "plan_name": "Pro"}}, {"model": "billing.invoiceitem", "pk": 209, "fields": {"invoice": "INV4", "item_type": "Domain", "description": "Test service", "amount": "424.00", "domain_name": "site4.com", "plan_name": "Enterprise"}}, {"model": "billing.invoiceitem", "pk": 210, "fields": {"invoice": "INV5", "item_type": "Hosting", "description": "Test service", "amount": "425.00", "domain_name": "site5.com", "plan_name": "Basic"}}, {"model": "billing.invoiceitem", "pk": 211, "fields": {"invoice": "INV6", "item_type": "VPS", "description": "Test service", "amount": "822.00", "domain_name": "site6.com", "plan_name": "Basic"}}, {"model": "billing.invoiceitem", "pk": 212, "fields": {"invoice": "INV7", "item_type": "VPS", "description": "Test service", "amount": "596.00", "domain_name": "site7.com", "plan_name": "Pro"}}, {"model": "billing.invoiceitem", "pk": 213, "fields": {"invoice": "INV8", "item_type": "Hosting", "description": "Test service", "amount": "683.00", "domain_name": "site8.com", "plan_name": "Basic"}}, {"model": "billing.invoiceitem", "pk": 214, "fields": {"invoice": "INV9", "item_type": "Hosting", "description": "Test service", "amount": "130.00", "domain_name": "site9.com", "plan_name": "Pro"}}, {"model": "billing.invoiceitem", "pk": 215, "fields": {"invoice": "INV10", "item_type": "Domain", "description": "Test service", "amount": "531.00", "domain_name": "site10.com", "plan_name": "Basic"}}, {"model": "billing.invoiceitem", "pk": 216, "fields": {"invoice": "INV11", "item_type": "Hosting", "description": "Test service", "amount": "527.00", "domain_name": "site11.com", "plan_name": "Pro"}}, {"model": "billing.invoiceitem", "pk": 217, "fields": {"invoice": "INV12", "item_type": "Domain", "description": "Test service", "amount": "344.00", "domain_name": "site12.com", "plan_name": "Pro"}}, {"model": "billing.invoiceitem", "pk": 218, "fields": {"invoice": "INV13", "item_type": "VPS", "description": "Test service", "amount": "677.00", "domain_name": "site13.com", "plan_name": "Pro"}}, {"model": "billing.invoiceitem", "pk": 219, "fields": {"invoice": "INV14", "item_type": "Hosting", "description": "Test service", "amount": "539.00", "domain_name": "site14.com", "plan_name": "Basic"}}, {"model": "billing.invoiceitem", "pk": 220, "fields": {"invoice": "INV15", "item_type": "Hosting", "description": "Test service", "amount": "739.00", "domain_name": "site15.com", "plan_name": "Enterprise"}}, {"model": "billing.invoiceitem", "pk": 221, "fields": {"invoice": "INV16", "item_type": "Domain", "description": "Test service", "amount": "139.00", "domain_name": "site16.com", "plan_name": "Basic"}}, {"model": "billing.invoiceitem", "pk": 222, "fields": {"invoice": "INV17", "item_type": "VPS", "description": "Test service", "amount": "787.00", "domain_name": "site17.com", "plan_name": "Basic"}}, {"model": "billing.invoiceitem", "pk": 223, "fields": {"invoice": "INV18", "item_type": "Domain", "description": "Test service", "amount": "361.00", "domain_name": "site18.com", "plan_name": "Pro"}}, {"model": "billing.invoiceitem", "pk": 224, "fields": {"invoice": "INV19", "item_type": "VPS", "description": "Test service", "amount": "403.00", "domain_name": "site19.com", "plan_name": "Enterprise"}}, {"model": "billing.invoiceitem", "pk": 225, "fields": {"invoice": "INV20", "item_type": "Hosting", "description": "Test service", "amount": "404.00", "domain_name": "site20.com", "plan_name": "Pro"}}, {"model": "billing.invoiceitem", "pk": 226, "fields": {"invoice": "INV21", "item_type": "VPS", "description": "Test service", "amount": "471.00", "domain_name": "site21.com", "plan_name": "Enterprise"}}, {"model": "billing.invoiceitem", "pk": 227, "fields": {"invoice": "INV22", "item_type": "Hosting", "description": "Test service", "amount": "680.00", "domain_name": "site22.com", "plan_name": "Enterprise"}}, {"model": "billing.invoiceitem", "pk": 228, "fields": {"invoice": "INV23", "item_type": "Domain", "description": "Test service", "amount": "954.00", "domain_name": "site23.com", "plan_name": "Enterprise"}}, {"model": "billing.invoiceitem", "pk": 229, "fields": {"invoice": "INV24", "item_type": "Domain", "description": "Test service", "amount": "184.00", "domain_name": "site24.com", "plan_name": "Enterprise"}}, {"model": "billing.invoiceitem", "pk": 230, "fields": {"invoice": "INV25", "item_type": "VPS", "description": "Test service", "amount": "384.00", "domain_name": "site25.com", "plan_name": "Enterprise"}}, {"model": "billing.invoiceitem", "pk": 231, "fields": {"invoice": "INV26", "item_type": "Hosting", "description": "Test service", "amount": "199.00", "domain_name": "site26.com", "plan_name": "Pro"}}, {"model": "billing.invoiceitem", "pk": 232, "fields": {"invoice": "INV27", "item_type": "VPS", "description": "Test service", "amount": "248.00", "domain_name": "site27.com", "plan_name": "Pro"}}, {"model": "billing.invoiceitem", "pk": 233, "fields": {"invoice": "INV28", "item_type": "VPS", "description": "Test service", "amount": "634.00", "domain_name": "site28.com", "plan_name": "Pro"}}, {"model": "billing.invoiceitem", "pk": 234, "fields": {"invoice": "INV29", "item_type": "Hosting", "description": "Test service", "amount": "368.00", "domain_name": "site29.com", "plan_name": "Pro"}}, {"model": "billing.invoiceitem", "pk": 235, "fields": {"invoice": "INV30", "item_type": "Hosting", "description": "Test service", "amount": "907.00", "domain_name": "site30.com", "plan_name": "Basic"}}, {"model": "billing.invoiceitem", "pk": 236, "fields": {"invoice": "INV31", "item_type": "Domain", "description": "Test service", "amount": "658.00", "domain_name": "site31.com", "plan_name": "Enterprise"}}, {"model": "billing.invoiceitem", "pk": 237, "fields": {"invoice": "INV32", "item_type": "Domain", "description": "Test service", "amount": "520.00", "domain_name": "site32.com", "plan_name": "Pro"}}, {"model": "billing.invoiceitem", "pk": 238, "fields": {"invoice": "INV33", "item_type": "VPS", "description": "Test service", "amount": "950.00", "domain_name": "site33.com", "plan_name": "Enterprise"}}, {"model": "billing.invoiceitem", "pk": 239, "fields": {"invoice": "INV34", "item_type": "Domain", "description": "Test service", "amount": "389.00", "domain_name": "site34.com", "plan_name": "Enterprise"}}, {"model": "billing.invoiceitem", "pk": 240, "fields": {"invoice": "INV35", "item_type": "Domain", "description": "Test service", "amount": "806.00", "domain_name": "site35.com", "plan_name": "Pro"}}, {"model": "billing.invoiceitem", "pk": 241, "fields": {"invoice": "INV36", "item_type": "VPS", "description": "Test service", "amount": "613.00", "domain_name": "site36.com", "plan_name": "Pro"}}, {"model": "billing.invoiceitem", "pk": 242, "fields": {"invoice": "INV37", "item_type": "VPS", "description": "Test service", "amount": "684.00", "domain_name": "site37.com", "plan_name": "Enterprise"}}, {"model": "billing.invoiceitem", "pk": 243, "fields": {"invoice": "INV38", "item_type": "Domain", "description": "Test service", "amount": "562.00", "domain_name": "site38.com", "plan_name": "Basic"}}, {"model": "billing.invoiceitem", "pk": 244, "fields": {"invoice": "INV39", "item_type": "Hosting", "description": "Test service", "amount": "436.00", "domain_name": "site39.com", "plan_name": "Pro"}}, {"model": "billing.invoiceitem", "pk": 245, "fields": {"invoice": "INV40", "item_type": "Domain", "description": "Test service", "amount": "188.00", "domain_name": "site40.com", "plan_name": "Pro"}}, {"model": "billing.invoiceitem", "pk": 246, "fields": {"invoice": "INV41", "item_type": "Hosting", "description": "Test service", "amount": "265.00", "domain_name": "site41.com", "plan_name": "Enterprise"}}, {"model": "billing.invoiceitem", "pk": 247, "fields": {"invoice": "INV42", "item_type": "Hosting", "description": "Test service", "amount": "140.00", "domain_name": "site42.com", "plan_name": "Enterprise"}}, {"model": "billing.invoiceitem", "pk": 248, "fields": {"invoice": "INV43", "item_type": "Hosting", "description": "Test service", "amount": "560.00", "domain_name": "site43.com", "plan_name": "Pro"}}, {"model": "billing.invoiceitem", "pk": 249, "fields": {"invoice": "INV44", "item_type": "Domain", "description": "Test service", "amount": "721.00", "domain_name": "site44.com", "plan_name": "Pro"}}, {"model": "billing.invoiceitem", "pk": 250, "fields": {"invoice": "INV45", "item_type": "Domain", "description": "Test service", "amount": "793.00", "domain_name": "site45.com", "plan_name": "Basic"}}, {"model": "billing.invoiceitem", "pk": 251, "fields": {"invoice": "INV46", "item_type": "Domain", "description": "Test service", "amount": "486.00", "domain_name": "site46.com", "plan_name": "Pro"}}, {"model": "billing.invoiceitem", "pk": 252, "fields": {"invoice": "INV47", "item_type": "Hosting", "description": "Test service", "amount": "944.00", "domain_name": "site47.com", "plan_name": "Pro"}}, {"model": "billing.invoiceitem", "pk": 253, "fields": {"invoice": "INV48", "item_type": "VPS", "description": "Test service", "amount": "109.00", "domain_name": "site48.com", "plan_name": "Basic"}}, {"model": "billing.invoiceitem", "pk": 254, "fields": {"invoice": "INV49", "item_type": "Domain", "description": "Test service", "amount": "950.00", "domain_name": "site49.com", "plan_name": "Pro"}}, {"model": "billing.invoiceitem", "pk": 255, "fields": {"invoice": "INV50", "item_type": "VPS", "description": "Test service", "amount": "997.00", "domain_name": "site50.com", "plan_name": "Basic"}}, {"model": "billing.invoiceitem", "pk": 256, "fields": {"invoice": "INV51", "item_type": "VPS", "description": "Test service", "amount": "954.00", "domain_name": "site51.com", "plan_name": "Enterprise"}}, {"model": "billing.invoiceitem", "pk": 257, "fields": {"invoice": "INV52", "item_type": "VPS", "description": "Test service", "amount": "330.00", "domain_name": "site52.com", "plan_name": "Enterprise"}}, {"model": "billing.invoiceitem", "pk": 258, "fields": {"invoice": "INV53", "item_type": "VPS", "description": "Test service", "amount": "228.00", "domain_name": "site53.com", "plan_name": "Pro"}}, {"model": "billing.invoiceitem", "pk": 259, "fields": {"invoice": "INV54", "item_type": "VPS", "description": "Test service", "amount": "827.00", "domain_name": "site54.com", "plan_name": "Enterprise"}}, {"model": "billing.invoiceitem", "pk": 260, "fields": {"invoice": "INV55", "item_type": "Domain", "description": "Test service", "amount": "441.00", "domain_name": "site55.com", "plan_name": "Basic"}}, {"model": "billing.invoiceitem", "pk": 261, "fields": {"invoice": "INV56", "item_type": "Domain", "description": "Test service", "amount": "950.00", "domain_name": "site56.com", "plan_name": "Pro"}}, {"model": "billing.invoiceitem", "pk": 262, "fields": {"invoice": "INV57", "item_type": "Hosting", "description": "Test service", "amount": "272.00", "domain_name": "site57.com", "plan_name": "Basic"}}, {"model": "billing.invoiceitem", "pk": 263, "fields": {"invoice": "INV58", "item_type": "Domain", "description": "Test service", "amount": "702.00", "domain_name": "site58.com", "plan_name": "Enterprise"}}, {"model": "billing.invoiceitem", "pk": 264, "fields": {"invoice": "INV59", "item_type": "Domain", "description": "Test service", "amount": "358.00", "domain_name": "site59.com", "plan_name": "Enterprise"}}, {"model": "billing.invoiceitem", "pk": 265, "fields": {"invoice": "INV60", "item_type": "Domain", "description": "Test service", "amount": "543.00", "domain_name": "site60.com", "plan_name": "Enterprise"}}, {"model": "billing.invoiceitem", "pk": 266, "fields": {"invoice": "INV61", "item_type": "VPS", "description": "Test service", "amount": "667.00", "domain_name": "site61.com", "plan_name": "Pro"}}, {"model": "billing.invoiceitem", "pk": 267, "fields": {"invoice": "INV62", "item_type": "Domain", "description": "Test service", "amount": "934.00", "domain_name": "site62.com", "plan_name": "Pro"}}, {"model": "billing.invoiceitem", "pk": 268, "fields": {"invoice": "INV63", "item_type": "Hosting", "description": "Test service", "amount": "416.00", "domain_name": "site63.com", "plan_name": "Pro"}}, {"model": "billing.invoiceitem", "pk": 269, "fields": {"invoice": "INV64", "item_type": "Hosting", "description": "Test service", "amount": "320.00", "domain_name": "site64.com", "plan_name": "Enterprise"}}, {"model": "billing.invoiceitem", "pk": 270, "fields": {"invoice": "INV65", "item_type": "Hosting", "description": "Test service", "amount": "818.00", "domain_name": "site65.com", "plan_name": "Pro"}}, {"model": "billing.invoiceitem", "pk": 271, "fields": {"invoice": "INV66", "item_type": "Hosting", "description": "Test service", "amount": "431.00", "domain_name": "site66.com", "plan_name": "Enterprise"}}, {"model": "billing.invoiceitem", "pk": 272, "fields": {"invoice": "INV67", "item_type": "Hosting", "description": "Test service", "amount": "543.00", "domain_name": "site67.com", "plan_name": "Pro"}}, {"model": "billing.invoiceitem", "pk": 273, "fields": {"invoice": "INV68", "item_type": "Domain", "description": "Test service", "amount": "724.00", "domain_name": "site68.com", "plan_name": "Enterprise"}}, {"model": "billing.invoiceitem", "pk": 274, "fields": {"invoice": "INV69", "item_type": "Domain", "description": "Test service", "amount": "773.00", "domain_name": "site69.com", "plan_name": "Basic"}}, {"model": "billing.invoiceitem", "pk": 275, "fields": {"invoice": "INV70", "item_type": "Domain", "description": "Test service", "amount": "880.00", "domain_name": "site70.com", "plan_name": "Pro"}}, {"model": "billing.invoiceitem", "pk": 276, "fields": {"invoice": "INV71", "item_type": "Hosting", "description": "Test service", "amount": "666.00", "domain_name": "site71.com", "plan_name": "Pro"}}, {"model": "billing.invoiceitem", "pk": 277, "fields": {"invoice": "INV72", "item_type": "Domain", "description": "Test service", "amount": "555.00", "domain_name": "site72.com", "plan_name": "Pro"}}, {"model": "billing.invoiceitem", "pk": 278, "fields": {"invoice": "INV73", "item_type": "Hosting", "description": "Test service", "amount": "728.00", "domain_name": "site73.com", "plan_name": "Enterprise"}}, {"model": "billing.invoiceitem", "pk": 279, "fields": {"invoice": "INV74", "item_type": "VPS", "description": "Test service", "amount": "791.00", "domain_name": "site74.com", "plan_name": "Basic"}}, {"model": "billing.invoiceitem", "pk": 280, "fields": {"invoice": "INV75", "item_type": "Domain", "description": "Test service", "amount": "650.00", "domain_name": "site75.com", "plan_name": "Enterprise"}}, {"model": "billing.invoiceitem", "pk": 281, "fields": {"invoice": "INV76", "item_type": "Hosting", "description": "Test service", "amount": "105.00", "domain_name": "site76.com", "plan_name": "Enterprise"}}, {"model": "billing.invoiceitem", "pk": 282, "fields": {"invoice": "INV77", "item_type": "VPS", "description": "Test service", "amount": "340.00", "domain_name": "site77.com", "plan_name": "Enterprise"}}, {"model": "billing.invoiceitem", "pk": 283, "fields": {"invoice": "INV78", "item_type": "VPS", "description": "Test service", "amount": "424.00", "domain_name": "site78.com", "plan_name": "Basic"}}, {"model": "billing.invoiceitem", "pk": 284, "fields": {"invoice": "INV79", "item_type": "Domain", "description": "Test service", "amount": "784.00", "domain_name": "site79.com", "plan_name": "Pro"}}, {"model": "billing.invoiceitem", "pk": 285, "fields": {"invoice": "INV80", "item_type": "VPS", "description": "Test service", "amount": "983.00", "domain_name": "site80.com", "plan_name": "Pro"}}, {"model": "billing.invoiceitem", "pk": 286, "fields": {"invoice": "INV81", "item_type": "VPS", "description": "Test service", "amount": "563.00", "domain_name": "site81.com", "plan_name": "Pro"}}, {"model": "billing.invoiceitem", "pk": 287, "fields": {"invoice": "INV82", "item_type": "Domain", "description": "Test service", "amount": "695.00", "domain_name": "site82.com", "plan_name": "Basic"}}, {"model": "billing.invoiceitem", "pk": 288, "fields": {"invoice": "INV83", "item_type": "VPS", "description": "Test service", "amount": "642.00", "domain_name": "site83.com", "plan_name": "Pro"}}, {"model": "billing.invoiceitem", "pk": 289, "fields": {"invoice": "INV84", "item_type": "VPS", "description": "Test service", "amount": "801.00", "domain_name": "site84.com", "plan_name": "Pro"}}, {"model": "billing.invoiceitem", "pk": 290, "fields": {"invoice": "INV85", "item_type": "Hosting", "description": "Test service", "amount": "817.00", "domain_name": "site85.com", "plan_name": "Pro"}}, {"model": "billing.invoiceitem", "pk": 291, "fields": {"invoice": "INV86", "item_type": "Domain", "description": "Test service", "amount": "870.00", "domain_name": "site86.com", "plan_name": "Basic"}}, {"model": "billing.invoiceitem", "pk": 292, "fields": {"invoice": "INV87", "item_type": "VPS", "description": "Test service", "amount": "632.00", "domain_name": "site87.com", "plan_name": "Enterprise"}}, {"model": "billing.invoiceitem", "pk": 293, "fields": {"invoice": "INV88", "item_type": "Hosting", "description": "Test service", "amount": "123.00", "domain_name": "site88.com", "plan_name": "Basic"}}, {"model": "billing.invoiceitem", "pk": 294, "fields": {"invoice": "INV89", "item_type": "VPS", "description": "Test service", "amount": "166.00", "domain_name": "site89.com", "plan_name": "Basic"}}, {"model": "billing.invoiceitem", "pk": 295, "fields": {"invoice": "INV90", "item_type": "Hosting", "description": "Test service", "amount": "844.00", "domain_name": "site90.com", "plan_name": "Pro"}}, {"model": "billing.invoiceitem", "pk": 296, "fields": {"invoice": "INV91", "item_type": "VPS", "description": "Test service", "amount": "839.00", "domain_name": "site91.com", "plan_name": "Enterprise"}}, {"model": "billing.invoiceitem", "pk": 297, "fields": {"invoice": "INV92", "item_type": "VPS", "description": "Test service", "amount": "150.00", "domain_name": "site92.com", "plan_name": "Basic"}}, {"model": "billing.invoiceitem", "pk": 298, "fields": {"invoice": "INV93", "item_type": "Domain", "description": "Test service", "amount": "125.00", "domain_name": "site93.com", "plan_name": "Pro"}}, {"model": "billing.invoiceitem", "pk": 299, "fields": {"invoice": "INV94", "item_type": "Hosting", "description": "Test service", "amount": "748.00", "domain_name": "site94.com", "plan_name": "Enterprise"}}, {"model": "billing.invoiceitem", "pk": 300, "fields": {"invoice": "INV95", "item_type": "VPS", "description": "Test service", "amount": "752.00", "domain_name": "site95.com", "plan_name": "Pro"}}, {"model": "billing.invoiceitem", "pk": 301, "fields": {"invoice": "INV96", "item_type": "VPS", "description": "Test service", "amount": "853.00", "domain_name": "site96.com", "plan_name": "Enterprise"}}, {"model": "billing.invoiceitem", "pk": 302, "fields": {"invoice": "INV97", "item_type": "Hosting", "description": "Test service", "amount": "955.00", "domain_name": "site97.com", "plan_name": "Enterprise"}}, {"model": "billing.invoiceitem", "pk": 303, "fields": {"invoice": "INV98", "item_type": "Hosting", "description": "Test service", "amount": "605.00", "domain_name": "site98.com", "plan_name": "Pro"}}, {"model": "billing.invoiceitem", "pk": 304, "fields": {"invoice": "INV99", "item_type": "Domain", "description": "Test service", "amount": "221.00", "domain_name": "site99.com", "plan_name": "Basic"}}, {"model": "billing.actiontracker", "pk": 305, "fields": {"invoice": "INV0", "suspension_sent": true, "suspension_sent_at": "2026-04-29T05:38:32.931Z", "confirmation_sent": true, "confirmation_sent_at": "2026-04-22T09:58:49.109Z", "confirmation_expires_at": null, "queue_sent": false, "queue_sent_at": null, "termination_sent": false, "termination_sent_at": null, "confirmation_response": null, "confirmation_token": null, "responded_at": null, "updated_at": "2026-04-29T05:38:32.931Z", "otp_code": null, "otp_expires_at": null, "otp_verified": false}}, {"model": "billing.actiontracker", "pk": 306, "fields": {"invoice": "INV1", "suspension_sent": false, "suspension_sent_at": null, "confirmation_sent": true, "confirmation_sent_at": "2026-04-22T09:58:49.129Z", "confirmation_expires_at": null, "queue_sent": false, "queue_sent_at": null, "termination_sent": false, "termination_sent_at": null, "confirmation_response": null, "confirmation_token": null, "responded_at": null, "updated_at": "2026-04-28T10:38:39.303Z", "otp_code": null, "otp_expires_at": null, "otp_verified": false}}, {"model": "billing.actiontracker", "pk": 307, "fields": {"invoice": "INV2", "suspension_sent": true, "suspension_sent_at": "2026-04-22T09:58:49.139Z", "confirmation_sent": false, "confirmation_sent_at": null, "confirmation_expires_at": null, "queue_sent": false, "queue_sent_at": null, "termination_sent": false, "termination_sent_at": null, "confirmation_response": null, "confirmation_token": null, "responded_at": null, "updated_at": "2026-04-28T10:40:03.936Z", "otp_code": null, "otp_expires_at": null, "otp_verified": false}}, {"model": "billing.actiontracker", "pk": 308, "fields": {"invoice": "INV3", "suspension_sent": false, "suspension_sent_at": null, "confirmation_sent": true, "confirmation_sent_at": "2026-04-22T09:58:49.143Z", "confirmation_expires_at": null, "queue_sent": false, "queue_sent_at": null, "termination_sent": false, "termination_sent_at": null, "confirmation_response": null, "confirmation_token": null, "responded_at": null, "updated_at": "2026-04-28T10:40:04.303Z", "otp_code": null, "otp_expires_at": null, "otp_verified": false}}, {"model": "billing.actiontracker", "pk": 309, "fields": {"invoice": "INV4", "suspension_sent": false, "suspension_sent_at": null, "confirmation_sent": false, "confirmation_sent_at": null, "confirmation_expires_at": null, "queue_sent": false, "queue_sent_at": null, "termination_sent": false, "termination_sent_at": null, "confirmation_response": null, "confirmation_token": null, "responded_at": null, "updated_at": "2026-04-28T10:40:04.804Z", "otp_code": null, "otp_expires_at": null, "otp_verified": false}}, {"model": "billing.actiontracker", "pk": 310, "fields": {"invoice": "INV5", "suspension_sent": true, "suspension_sent_at": "2026-04-22T09:58:49.168Z", "confirmation_sent": true, "confirmation_sent_at": "2026-04-22T09:58:49.168Z", "confirmation_expires_at": null, "queue_sent": false, "queue_sent_at": null, "termination_sent": false, "termination_sent_at": null, "confirmation_response": null, "confirmation_token": null, "responded_at": null, "updated_at": "2026-04-28T10:40:05.097Z", "otp_code": null, "otp_expires_at": null, "otp_verified": false}}, {"model": "billing.actiontracker", "pk": 311, "fields": {"invoice": "INV6", "suspension_sent": true, "suspension_sent_at": "2026-04-22T09:58:49.176Z", "confirmation_sent": true, "confirmation_sent_at": "2026-04-22T09:58:49.176Z", "confirmation_expires_at": null, "queue_sent": false, "queue_sent_at": null, "termination_sent": false, "termination_sent_at": null, "confirmation_response": null, "confirmation_token": null, "responded_at": null, "updated_at": "2026-04-28T10:40:07.210Z", "otp_code": null, "otp_expires_at": null, "otp_verified": false}}, {"model": "billing.actiontracker", "pk": 312, "fields": {"invoice": "INV7", "suspension_sent": false, "suspension_sent_at": null, "confirmation_sent": true, "confirmation_sent_at": "2026-04-22T09:58:49.184Z", "confirmation_expires_at": null, "queue_sent": false, "queue_sent_at": null, "termination_sent": false, "termination_sent_at": null, "confirmation_response": null, "confirmation_token": null, "responded_at": null, "updated_at": "2026-04-28T10:40:07.518Z", "otp_code": null, "otp_expires_at": null, "otp_verified": false}}, {"model": "billing.actiontracker", "pk": 313, "fields": {"invoice": "INV8", "suspension_sent": true, "suspension_sent_at": "2026-04-22T09:58:49.192Z", "confirmation_sent": false, "confirmation_sent_at": null, "confirmation_expires_at": null, "queue_sent": false, "queue_sent_at": null, "termination_sent": false, "termination_sent_at": null, "confirmation_response": null, "confirmation_token": null, "responded_at": null, "updated_at": "2026-04-28T10:40:07.908Z", "otp_code": null, "otp_expires_at": null, "otp_verified": false}}, {"model": "billing.actiontracker", "pk": 314, "fields": {"invoice": "INV9", "suspension_sent": true, "suspension_sent_at": "2026-04-22T09:58:49.200Z", "confirmation_sent": false, "confirmation_sent_at": null, "confirmation_expires_at": null, "queue_sent": false, "queue_sent_at": null, "termination_sent": false, "termination_sent_at": null, "confirmation_response": null, "confirmation_token": null, "responded_at": null, "updated_at": "2026-04-28T10:40:08.676Z", "otp_code": null, "otp_expires_at": null, "otp_verified": false}}, {"model": "billing.actiontracker", "pk": 315, "fields": {"invoice": "INV10", "suspension_sent": true, "suspension_sent_at": "2026-04-22T09:58:49.208Z", "confirmation_sent": false, "confirmation_sent_at": null, "confirmation_expires_at": null, "queue_sent": false, "queue_sent_at": null, "termination_sent": false, "termination_sent_at": null, "confirmation_response": null, "confirmation_token": null, "responded_at": null, "updated_at": "2026-04-28T10:40:08.950Z", "otp_code": null, "otp_expires_at": null, "otp_verified": false}}, {"model": "billing.actiontracker", "pk": 316, "fields": {"invoice": "INV11", "suspension_sent": true, "suspension_sent_at": "2026-04-22T09:58:49.208Z", "confirmation_sent": true, "confirmation_sent_at": "2026-04-22T09:58:49.208Z", "confirmation_expires_at": null, "queue_sent": false, "queue_sent_at": null, "termination_sent": false, "termination_sent_at": null, "confirmation_response": null, "confirmation_token": null, "responded_at": null, "updated_at": "2026-04-28T10:38:39.654Z", "otp_code": null, "otp_expires_at": null, "otp_verified": false}}, {"model": "billing.actiontracker", "pk": 317, "fields": {"invoice": "INV12", "suspension_sent": true, "suspension_sent_at": "2026-04-22T09:58:49.216Z", "confirmation_sent": true, "confirmation_sent_at": "2026-04-22T09:58:49.216Z", "confirmation_expires_at": null, "queue_sent": false, "queue_sent_at": null, "termination_sent": false, "termination_sent_at": null, "confirmation_response": null, "confirmation_token": null, "responded_at": null, "updated_at": "2026-04-28T10:38:38.746Z", "otp_code": null, "otp_expires_at": null, "otp_verified": false}}, {"model": "billing.actiontracker", "pk": 318, "fields": {"invoice": "INV13", "suspension_sent": false, "suspension_sent_at": null, "confirmation_sent": true, "confirmation_sent_at": "2026-04-22T09:58:49.226Z", "confirmation_expires_at": null, "queue_sent": false, "queue_sent_at": null, "termination_sent": false, "termination_sent_at": null, "confirmation_response": null, "confirmation_token": null, "responded_at": null, "updated_at": "2026-04-28T10:38:38.418Z", "otp_code": null, "otp_expires_at": null, "otp_verified": false}}, {"model": "billing.actiontracker", "pk": 319, "fields": {"invoice": "INV14", "suspension_sent": false, "suspension_sent_at": null, "confirmation_sent": true, "confirmation_sent_at": "2026-04-22T09:58:49.226Z", "confirmation_expires_at": null, "queue_sent": false, "queue_sent_at": null, "termination_sent": false, "termination_sent_at": null, "confirmation_response": null, "confirmation_token": null, "responded_at": null, "updated_at": "2026-04-28T10:38:41.999Z", "otp_code": null, "otp_expires_at": null, "otp_verified": false}}, {"model": "billing.actiontracker", "pk": 320, "fields": {"invoice": "INV15", "suspension_sent": false, "suspension_sent_at": null, "confirmation_sent": true, "confirmation_sent_at": "2026-04-22T09:58:49.232Z", "confirmation_expires_at": null, "queue_sent": false, "queue_sent_at": null, "termination_sent": false, "termination_sent_at": null, "confirmation_response": null, "confirmation_token": null, "responded_at": null, "updated_at": "2026-04-28T10:38:42.328Z", "otp_code": null, "otp_expires_at": null, "otp_verified": false}}, {"model": "billing.actiontracker", "pk": 321, "fields": {"invoice": "INV16", "suspension_sent": false, "suspension_sent_at": null, "confirmation_sent": true, "confirmation_sent_at": "2026-04-22T09:58:49.243Z", "confirmation_expires_at": null, "queue_sent": false, "queue_sent_at": null, "termination_sent": false, "termination_sent_at": null, "confirmation_response": null, "confirmation_token": null, "responded_at": null, "updated_at": "2026-04-28T10:38:42.719Z", "otp_code": null, "otp_expires_at": null, "otp_verified": false}}, {"model": "billing.actiontracker", "pk": 322, "fields": {"invoice": "INV17", "suspension_sent": false, "suspension_sent_at": null, "confirmation_sent": true, "confirmation_sent_at": "2026-04-22T09:58:49.249Z", "confirmation_expires_at": null, "queue_sent": false, "queue_sent_at": null, "termination_sent": false, "termination_sent_at": null, "confirmation_response": null, "confirmation_token": null, "responded_at": null, "updated_at": "2026-04-28T10:38:43.127Z", "otp_code": null, "otp_expires_at": null, "otp_verified": false}}, {"model": "billing.actiontracker", "pk": 323, "fields": {"invoice": "INV18", "suspension_sent": false, "suspension_sent_at": null, "confirmation_sent": true, "confirmation_sent_at": "2026-04-22T09:58:49.257Z", "confirmation_expires_at": null, "queue_sent": false, "queue_sent_at": null, "termination_sent": false, "termination_sent_at": null, "confirmation_response": null, "confirmation_token": null, "responded_at": null, "updated_at": "2026-04-28T10:38:43.492Z", "otp_code": null, "otp_expires_at": null, "otp_verified": false}}, {"model": "billing.actiontracker", "pk": 324, "fields": {"invoice": "INV19", "suspension_sent": false, "suspension_sent_at": null, "confirmation_sent": false, "confirmation_sent_at": null, "confirmation_expires_at": null, "queue_sent": false, "queue_sent_at": null, "termination_sent": false, "termination_sent_at": null, "confirmation_response": null, "confirmation_token": null, "responded_at": null, "updated_at": "2026-04-28T10:38:45.583Z", "otp_code": null, "otp_expires_at": null, "otp_verified": false}}, {"model": "billing.actiontracker", "pk": 325, "fields": {"invoice": "INV20", "suspension_sent": true, "suspension_sent_at": "2026-04-22T09:58:49.266Z", "confirmation_sent": false, "confirmation_sent_at": null, "confirmation_expires_at": null, "queue_sent": false, "queue_sent_at": null, "termination_sent": false, "termination_sent_at": null, "confirmation_response": null, "confirmation_token": null, "responded_at": null, "updated_at": "2026-04-28T10:38:45.916Z", "otp_code": null, "otp_expires_at": null, "otp_verified": false}}, {"model": "billing.actiontracker", "pk": 326, "fields": {"invoice": "INV21", "suspension_sent": true, "suspension_sent_at": "2026-04-22T09:58:49.274Z", "confirmation_sent": false, "confirmation_sent_at": null, "confirmation_expires_at": null, "queue_sent": false, "queue_sent_at": null, "termination_sent": false, "termination_sent_at": null, "confirmation_response": null, "confirmation_token": null, "responded_at": null, "updated_at": "2026-04-28T10:38:46.217Z", "otp_code": null, "otp_expires_at": null, "otp_verified": false}}, {"model": "billing.actiontracker", "pk": 327, "fields": {"invoice": "INV22", "suspension_sent": true, "suspension_sent_at": "2026-04-22T09:58:49.282Z", "confirmation_sent": true, "confirmation_sent_at": "2026-04-22T09:58:49.282Z", "confirmation_expires_at": null, "queue_sent": false, "queue_sent_at": null, "termination_sent": false, "termination_sent_at": null, "confirmation_response": null, "confirmation_token": null, "responded_at": null, "updated_at": "2026-04-28T10:38:47.162Z", "otp_code": null, "otp_expires_at": null, "otp_verified": false}}, {"model": "billing.actiontracker", "pk": 328, "fields": {"invoice": "INV23", "suspension_sent": true, "suspension_sent_at": "2026-04-22T09:58:49.290Z", "confirmation_sent": true, "confirmation_sent_at": "2026-04-22T09:58:49.290Z", "confirmation_expires_at": null, "queue_sent": false, "queue_sent_at": null, "termination_sent": false, "termination_sent_at": null, "confirmation_response": null, "confirmation_token": null, "responded_at": null, "updated_at": "2026-04-28T10:38:47.369Z", "otp_code": null, "otp_expires_at": null, "otp_verified": false}}, {"model": "billing.actiontracker", "pk": 329, "fields": {"invoice": "INV24", "suspension_sent": true, "suspension_sent_at": "2026-04-22T09:58:49.299Z", "confirmation_sent": true, "confirmation_sent_at": "2026-04-22T09:58:49.299Z", "confirmation_expires_at": null, "queue_sent": false, "queue_sent_at": null, "termination_sent": false, "termination_sent_at": null, "confirmation_response": null, "confirmation_token": null, "responded_at": null, "updated_at": "2026-04-28T10:38:49.271Z", "otp_code": null, "otp_expires_at": null, "otp_verified": false}}, {"model": "billing.actiontracker", "pk": 330, "fields": {"invoice": "INV25", "suspension_sent": false, "suspension_sent_at": null, "confirmation_sent": true, "confirmation_sent_at": "2026-04-22T09:58:49.307Z", "confirmation_expires_at": null, "queue_sent": false, "queue_sent_at": null, "termination_sent": false, "termination_sent_at": null, "confirmation_response": null, "confirmation_token": null, "responded_at": null, "updated_at": "2026-04-28T10:38:49.596Z", "otp_code": null, "otp_expires_at": null, "otp_verified": false}}, {"model": "billing.actiontracker", "pk": 331, "fields": {"invoice": "INV26", "suspension_sent": false, "suspension_sent_at": null, "confirmation_sent": false, "confirmation_sent_at": null, "confirmation_expires_at": null, "queue_sent": false, "queue_sent_at": null, "termination_sent": false, "termination_sent_at": null, "confirmation_response": null, "confirmation_token": null, "responded_at": null, "updated_at": "2026-04-28T10:38:50.092Z", "otp_code": null, "otp_expires_at": null, "otp_verified": false}}, {"model": "billing.actiontracker", "pk": 332, "fields": {"invoice": "INV27", "suspension_sent": false, "suspension_sent_at": null, "confirmation_sent": false, "confirmation_sent_at": null, "confirmation_expires_at": null, "queue_sent": false, "queue_sent_at": null, "termination_sent": false, "termination_sent_at": null, "confirmation_response": null, "confirmation_token": null, "responded_at": null, "updated_at": "2026-04-28T10:38:51.026Z", "otp_code": null, "otp_expires_at": null, "otp_verified": false}}, {"model": "billing.actiontracker", "pk": 333, "fields": {"invoice": "INV28", "suspension_sent": false, "suspension_sent_at": null, "confirmation_sent": true, "confirmation_sent_at": "2026-04-22T09:58:49.326Z", "confirmation_expires_at": null, "queue_sent": false, "queue_sent_at": null, "termination_sent": false, "termination_sent_at": null, "confirmation_response": null, "confirmation_token": null, "responded_at": null, "updated_at": "2026-04-28T10:38:51.438Z", "otp_code": null, "otp_expires_at": null, "otp_verified": false}}, {"model": "billing.actiontracker", "pk": 334, "fields": {"invoice": "INV29", "suspension_sent": true, "suspension_sent_at": "2026-04-22T09:58:49.332Z", "confirmation_sent": true, "confirmation_sent_at": "2026-04-22T09:58:49.332Z", "confirmation_expires_at": null, "queue_sent": false, "queue_sent_at": null, "termination_sent": false, "termination_sent_at": null, "confirmation_response": null, "confirmation_token": null, "responded_at": null, "updated_at": "2026-04-28T10:38:58.652Z", "otp_code": null, "otp_expires_at": null, "otp_verified": false}}, {"model": "billing.actiontracker", "pk": 335, "fields": {"invoice": "INV30", "suspension_sent": false, "suspension_sent_at": null, "confirmation_sent": true, "confirmation_sent_at": "2026-04-22T09:58:49.340Z", "confirmation_expires_at": null, "queue_sent": false, "queue_sent_at": null, "termination_sent": false, "termination_sent_at": null, "confirmation_response": null, "confirmation_token": null, "responded_at": null, "updated_at": "2026-04-28T10:38:57.924Z", "otp_code": null, "otp_expires_at": null, "otp_verified": false}}, {"model": "billing.actiontracker", "pk": 336, "fields": {"invoice": "INV31", "suspension_sent": true, "suspension_sent_at": "2026-04-22T09:58:49.340Z", "confirmation_sent": false, "confirmation_sent_at": null, "confirmation_expires_at": null, "queue_sent": false, "queue_sent_at": null, "termination_sent": false, "termination_sent_at": null, "confirmation_response": null, "confirmation_token": null, "responded_at": null, "updated_at": "2026-04-28T10:38:58.260Z", "otp_code": null, "otp_expires_at": null, "otp_verified": false}}, {"model": "billing.actiontracker", "pk": 337, "fields": {"invoice": "INV32", "suspension_sent": false, "suspension_sent_at": null, "confirmation_sent": true, "confirmation_sent_at": "2026-04-22T09:58:49.348Z", "confirmation_expires_at": null, "queue_sent": false, "queue_sent_at": null, "termination_sent": false, "termination_sent_at": null, "confirmation_response": null, "confirmation_token": null, "responded_at": null, "updated_at": "2026-04-28T10:38:58.506Z", "otp_code": null, "otp_expires_at": null, "otp_verified": false}}, {"model": "billing.actiontracker", "pk": 338, "fields": {"invoice": "INV33", "suspension_sent": false, "suspension_sent_at": null, "confirmation_sent": false, "confirmation_sent_at": null, "confirmation_expires_at": null, "queue_sent": false, "queue_sent_at": null, "termination_sent": false, "termination_sent_at": null, "confirmation_response": null, "confirmation_token": null, "responded_at": null, "updated_at": "2026-04-28T10:38:57.684Z", "otp_code": null, "otp_expires_at": null, "otp_verified": false}}, {"model": "billing.actiontracker", "pk": 339, "fields": {"invoice": "INV34", "suspension_sent": true, "suspension_sent_at": "2026-04-22T09:58:49.365Z", "confirmation_sent": true, "confirmation_sent_at": "2026-04-22T09:58:49.365Z", "confirmation_expires_at": null, "queue_sent": false, "queue_sent_at": null, "termination_sent": false, "termination_sent_at": null, "confirmation_response": null, "confirmation_token": null, "responded_at": null, "updated_at": "2026-04-28T10:39:01.493Z", "otp_code": null, "otp_expires_at": null, "otp_verified": false}}, {"model": "billing.actiontracker", "pk": 340, "fields": {"invoice": "INV35", "suspension_sent": true, "suspension_sent_at": "2026-04-22T09:58:49.373Z", "confirmation_sent": true, "confirmation_sent_at": "2026-04-22T09:58:49.373Z", "confirmation_expires_at": null, "queue_sent": false, "queue_sent_at": null, "termination_sent": false, "termination_sent_at": null, "confirmation_response": null, "confirmation_token": null, "responded_at": null, "updated_at": "2026-04-28T10:39:01.886Z", "otp_code": null, "otp_expires_at": null, "otp_verified": false}}, {"model": "billing.actiontracker", "pk": 341, "fields": {"invoice": "INV36", "suspension_sent": false, "suspension_sent_at": null, "confirmation_sent": false, "confirmation_sent_at": null, "confirmation_expires_at": null, "queue_sent": false, "queue_sent_at": null, "termination_sent": false, "termination_sent_at": null, "confirmation_response": null, "confirmation_token": null, "responded_at": null, "updated_at": "2026-04-28T10:39:02.481Z", "otp_code": null, "otp_expires_at": null, "otp_verified": false}}, {"model": "billing.actiontracker", "pk": 342, "fields": {"invoice": "INV37", "suspension_sent": false, "suspension_sent_at": null, "confirmation_sent": false, "confirmation_sent_at": null, "confirmation_expires_at": null, "queue_sent": false, "queue_sent_at": null, "termination_sent": false, "termination_sent_at": null, "confirmation_response": null, "confirmation_token": null, "responded_at": null, "updated_at": "2026-04-28T10:39:03.094Z", "otp_code": null, "otp_expires_at": null, "otp_verified": false}}, {"model": "billing.actiontracker", "pk": 343, "fields": {"invoice": "INV38", "suspension_sent": false, "suspension_sent_at": null, "confirmation_sent": true, "confirmation_sent_at": "2026-04-22T09:58:49.390Z", "confirmation_expires_at": null, "queue_sent": false, "queue_sent_at": null, "termination_sent": false, "termination_sent_at": null, "confirmation_response": null, "confirmation_token": null, "responded_at": null, "updated_at": "2026-04-28T10:39:03.094Z", "otp_code": null, "otp_expires_at": null, "otp_verified": false}}, {"model": "billing.actiontracker", "pk": 344, "fields": {"invoice": "INV39", "suspension_sent": true, "suspension_sent_at": "2026-04-22T09:58:49.394Z", "confirmation_sent": true, "confirmation_sent_at": "2026-04-22T09:58:49.394Z", "confirmation_expires_at": null, "queue_sent": false, "queue_sent_at": null, "termination_sent": false, "termination_sent_at": null, "confirmation_response": null, "confirmation_token": null, "responded_at": null, "updated_at": "2026-04-28T10:39:05.209Z", "otp_code": null, "otp_expires_at": null, "otp_verified": false}}, {"model": "billing.actiontracker", "pk": 345, "fields": {"invoice": "INV40", "suspension_sent": true, "suspension_sent_at": "2026-04-22T09:58:49.398Z", "confirmation_sent": false, "confirmation_sent_at": null, "confirmation_expires_at": null, "queue_sent": false, "queue_sent_at": null, "termination_sent": false, "termination_sent_at": null, "confirmation_response": null, "confirmation_token": null, "responded_at": null, "updated_at": "2026-04-28T10:39:05.600Z", "otp_code": null, "otp_expires_at": null, "otp_verified": false}}, {"model": "billing.actiontracker", "pk": 346, "fields": {"invoice": "INV41", "suspension_sent": true, "suspension_sent_at": "2026-04-22T09:58:49.404Z", "confirmation_sent": true, "confirmation_sent_at": "2026-04-22T09:58:49.404Z", "confirmation_expires_at": null, "queue_sent": false, "queue_sent_at": null, "termination_sent": false, "termination_sent_at": null, "confirmation_response": null, "confirmation_token": null, "responded_at": null, "updated_at": "2026-04-28T10:39:06.386Z", "otp_code": null, "otp_expires_at": null, "otp_verified": false}}, {"model": "billing.actiontracker", "pk": 347, "fields": {"invoice": "INV42", "suspension_sent": false, "suspension_sent_at": null, "confirmation_sent": true, "confirmation_sent_at": "2026-04-22T09:58:49.410Z", "confirmation_expires_at": null, "queue_sent": false, "queue_sent_at": null, "termination_sent": false, "termination_sent_at": null, "confirmation_response": null, "confirmation_token": null, "responded_at": null, "updated_at": "2026-04-28T10:39:07.003Z", "otp_code": null, "otp_expires_at": null, "otp_verified": false}}, {"model": "billing.actiontracker", "pk": 348, "fields": {"invoice": "INV43", "suspension_sent": true, "suspension_sent_at": "2026-04-22T09:58:49.414Z", "confirmation_sent": true, "confirmation_sent_at": "2026-04-22T09:58:49.414Z", "confirmation_expires_at": null, "queue_sent": false, "queue_sent_at": null, "termination_sent": false, "termination_sent_at": null, "confirmation_response": null, "confirmation_token": null, "responded_at": null, "updated_at": "2026-04-28T10:39:06.696Z", "otp_code": null, "otp_expires_at": null, "otp_verified": false}}, {"model": "billing.actiontracker", "pk": 349, "fields": {"invoice": "INV44", "suspension_sent": false, "suspension_sent_at": null, "confirmation_sent": true, "confirmation_sent_at": "2026-04-22T09:58:49.427Z", "confirmation_expires_at": null, "queue_sent": false, "queue_sent_at": null, "termination_sent": false, "termination_sent_at": null, "confirmation_response": null, "confirmation_token": null, "responded_at": null, "updated_at": "2026-04-28T10:39:08.946Z", "otp_code": null, "otp_expires_at": null, "otp_verified": false}}, {"model": "billing.actiontracker", "pk": 350, "fields": {"invoice": "INV45", "suspension_sent": true, "suspension_sent_at": "2026-04-22T09:58:49.431Z", "confirmation_sent": true, "confirmation_sent_at": "2026-04-22T09:58:49.431Z", "confirmation_expires_at": null, "queue_sent": false, "queue_sent_at": null, "termination_sent": false, "termination_sent_at": null, "confirmation_response": null, "confirmation_token": null, "responded_at": null, "updated_at": "2026-04-28T10:39:09.235Z", "otp_code": null, "otp_expires_at": null, "otp_verified": false}}, {"model": "billing.actiontracker", "pk": 351, "fields": {"invoice": "INV46", "suspension_sent": true, "suspension_sent_at": "2026-04-22T09:58:49.440Z", "confirmation_sent": true, "confirmation_sent_at": "2026-04-22T09:58:49.440Z", "confirmation_expires_at": null, "queue_sent": false, "queue_sent_at": null, "termination_sent": false, "termination_sent_at": null, "confirmation_response": null, "confirmation_token": null, "responded_at": null, "updated_at": "2026-04-28T10:39:10.175Z", "otp_code": null, "otp_expires_at": null, "otp_verified": false}}, {"model": "billing.actiontracker", "pk": 352, "fields": {"invoice": "INV47", "suspension_sent": true, "suspension_sent_at": "2026-04-22T09:58:49.448Z", "confirmation_sent": true, "confirmation_sent_at": "2026-04-22T09:58:49.448Z", "confirmation_expires_at": null, "queue_sent": false, "queue_sent_at": null, "termination_sent": false, "termination_sent_at": null, "confirmation_response": null, "confirmation_token": null, "responded_at": null, "updated_at": "2026-04-28T10:39:10.517Z", "otp_code": null, "otp_expires_at": null, "otp_verified": false}}, {"model": "billing.actiontracker", "pk": 353, "fields": {"invoice": "INV48", "suspension_sent": false, "suspension_sent_at": null, "confirmation_sent": true, "confirmation_sent_at": "2026-04-22T09:58:49.456Z", "confirmation_expires_at": null, "queue_sent": false, "queue_sent_at": null, "termination_sent": false, "termination_sent_at": null, "confirmation_response": null, "confirmation_token": null, "responded_at": null, "updated_at": "2026-04-28T10:39:11.095Z", "otp_code": null, "otp_expires_at": null, "otp_verified": false}}, {"model": "billing.actiontracker", "pk": 354, "fields": {"invoice": "INV49", "suspension_sent": false, "suspension_sent_at": null, "confirmation_sent": false, "confirmation_sent_at": null, "confirmation_expires_at": null, "queue_sent": false, "queue_sent_at": null, "termination_sent": false, "termination_sent_at": null, "confirmation_response": null, "confirmation_token": null, "responded_at": null, "updated_at": "2026-04-28T10:39:18.442Z", "otp_code": null, "otp_expires_at": null, "otp_verified": false}}, {"model": "billing.actiontracker", "pk": 355, "fields": {"invoice": "INV50", "suspension_sent": true, "suspension_sent_at": "2026-04-22T09:58:49.472Z", "confirmation_sent": false, "confirmation_sent_at": null, "confirmation_expires_at": null, "queue_sent": false, "queue_sent_at": null, "termination_sent": false, "termination_sent_at": null, "confirmation_response": null, "confirmation_token": null, "responded_at": null, "updated_at": "2026-04-28T10:39:17.958Z", "otp_code": null, "otp_expires_at": null, "otp_verified": false}}, {"model": "billing.actiontracker", "pk": 356, "fields": {"invoice": "INV51", "suspension_sent": false, "suspension_sent_at": null, "confirmation_sent": true, "confirmation_sent_at": "2026-04-22T09:58:49.481Z", "confirmation_expires_at": null, "queue_sent": false, "queue_sent_at": null, "termination_sent": false, "termination_sent_at": null, "confirmation_response": null, "confirmation_token": null, "responded_at": null, "updated_at": "2026-04-28T10:39:17.604Z", "otp_code": null, "otp_expires_at": null, "otp_verified": false}}, {"model": "billing.actiontracker", "pk": 357, "fields": {"invoice": "INV52", "suspension_sent": true, "suspension_sent_at": "2026-04-22T09:58:49.487Z", "confirmation_sent": false, "confirmation_sent_at": null, "confirmation_expires_at": null, "queue_sent": false, "queue_sent_at": null, "termination_sent": false, "termination_sent_at": null, "confirmation_response": null, "confirmation_token": null, "responded_at": null, "updated_at": "2026-04-28T10:39:17.347Z", "otp_code": null, "otp_expires_at": null, "otp_verified": false}}, {"model": "billing.actiontracker", "pk": 358, "fields": {"invoice": "INV53", "suspension_sent": true, "suspension_sent_at": "2026-04-22T09:58:49.493Z", "confirmation_sent": false, "confirmation_sent_at": null, "confirmation_expires_at": null, "queue_sent": false, "queue_sent_at": null, "termination_sent": false, "termination_sent_at": null, "confirmation_response": null, "confirmation_token": null, "responded_at": null, "updated_at": "2026-04-28T10:39:18.402Z", "otp_code": null, "otp_expires_at": null, "otp_verified": false}}, {"model": "billing.actiontracker", "pk": 359, "fields": {"invoice": "INV54", "suspension_sent": true, "suspension_sent_at": "2026-04-22T09:58:49.497Z", "confirmation_sent": false, "confirmation_sent_at": null, "confirmation_expires_at": null, "queue_sent": false, "queue_sent_at": null, "termination_sent": false, "termination_sent_at": null, "confirmation_response": null, "confirmation_token": null, "responded_at": null, "updated_at": "2026-04-28T10:39:21.332Z", "otp_code": null, "otp_expires_at": null, "otp_verified": false}}, {"model": "billing.actiontracker", "pk": 360, "fields": {"invoice": "INV55", "suspension_sent": true, "suspension_sent_at": "2026-04-22T09:58:49.505Z", "confirmation_sent": true, "confirmation_sent_at": "2026-04-22T09:58:49.505Z", "confirmation_expires_at": null, "queue_sent": false, "queue_sent_at": null, "termination_sent": false, "termination_sent_at": null, "confirmation_response": null, "confirmation_token": null, "responded_at": null, "updated_at": "2026-04-28T10:39:21.641Z", "otp_code": null, "otp_expires_at": null, "otp_verified": false}}, {"model": "billing.actiontracker", "pk": 361, "fields": {"invoice": "INV56", "suspension_sent": false, "suspension_sent_at": null, "confirmation_sent": false, "confirmation_sent_at": null, "confirmation_expires_at": null, "queue_sent": false, "queue_sent_at": null, "termination_sent": false, "termination_sent_at": null, "confirmation_response": null, "confirmation_token": null, "responded_at": null, "updated_at": "2026-04-28T10:39:22.239Z", "otp_code": null, "otp_expires_at": null, "otp_verified": false}}, {"model": "billing.actiontracker", "pk": 362, "fields": {"invoice": "INV57", "suspension_sent": false, "suspension_sent_at": null, "confirmation_sent": true, "confirmation_sent_at": "2026-04-22T09:58:49.522Z", "confirmation_expires_at": null, "queue_sent": false, "queue_sent_at": null, "termination_sent": false, "termination_sent_at": null, "confirmation_response": null, "confirmation_token": null, "responded_at": null, "updated_at": "2026-04-28T10:39:22.288Z", "otp_code": null, "otp_expires_at": null, "otp_verified": false}}, {"model": "billing.actiontracker", "pk": 363, "fields": {"invoice": "INV58", "suspension_sent": false, "suspension_sent_at": null, "confirmation_sent": false, "confirmation_sent_at": null, "confirmation_expires_at": null, "queue_sent": false, "queue_sent_at": null, "termination_sent": false, "termination_sent_at": null, "confirmation_response": null, "confirmation_token": null, "responded_at": null, "updated_at": "2026-04-28T10:39:22.553Z", "otp_code": null, "otp_expires_at": null, "otp_verified": false}}, {"model": "billing.actiontracker", "pk": 364, "fields": {"invoice": "INV59", "suspension_sent": true, "suspension_sent_at": "2026-04-22T09:58:49.530Z", "confirmation_sent": false, "confirmation_sent_at": null, "confirmation_expires_at": null, "queue_sent": false, "queue_sent_at": null, "termination_sent": false, "termination_sent_at": null, "confirmation_response": null, "confirmation_token": null, "responded_at": null, "updated_at": "2026-04-28T10:39:25.794Z", "otp_code": null, "otp_expires_at": null, "otp_verified": false}}, {"model": "billing.actiontracker", "pk": 365, "fields": {"invoice": "INV60", "suspension_sent": true, "suspension_sent_at": "2026-04-22T09:58:49.538Z", "confirmation_sent": true, "confirmation_sent_at": "2026-04-22T09:58:49.538Z", "confirmation_expires_at": null, "queue_sent": false, "queue_sent_at": null, "termination_sent": false, "termination_sent_at": null, "confirmation_response": null, "confirmation_token": null, "responded_at": null, "updated_at": "2026-04-28T10:39:25.419Z", "otp_code": null, "otp_expires_at": null, "otp_verified": false}}, {"model": "billing.actiontracker", "pk": 366, "fields": {"invoice": "INV61", "suspension_sent": false, "suspension_sent_at": null, "confirmation_sent": true, "confirmation_sent_at": "2026-04-22T09:58:49.546Z", "confirmation_expires_at": null, "queue_sent": false, "queue_sent_at": null, "termination_sent": false, "termination_sent_at": null, "confirmation_response": null, "confirmation_token": null, "responded_at": null, "updated_at": "2026-04-28T10:39:26.755Z", "otp_code": null, "otp_expires_at": null, "otp_verified": false}}, {"model": "billing.actiontracker", "pk": 367, "fields": {"invoice": "INV62", "suspension_sent": true, "suspension_sent_at": "2026-04-22T09:58:49.546Z", "confirmation_sent": false, "confirmation_sent_at": null, "confirmation_expires_at": null, "queue_sent": false, "queue_sent_at": null, "termination_sent": false, "termination_sent_at": null, "confirmation_response": null, "confirmation_token": null, "responded_at": null, "updated_at": "2026-04-28T10:39:26.369Z", "otp_code": null, "otp_expires_at": null, "otp_verified": false}}, {"model": "billing.actiontracker", "pk": 368, "fields": {"invoice": "INV63", "suspension_sent": false, "suspension_sent_at": null, "confirmation_sent": true, "confirmation_sent_at": "2026-04-22T09:58:49.555Z", "confirmation_expires_at": null, "queue_sent": false, "queue_sent_at": null, "termination_sent": false, "termination_sent_at": null, "confirmation_response": null, "confirmation_token": null, "responded_at": null, "updated_at": "2026-04-28T10:39:27.093Z", "otp_code": null, "otp_expires_at": null, "otp_verified": false}}, {"model": "billing.actiontracker", "pk": 369, "fields": {"invoice": "INV64", "suspension_sent": false, "suspension_sent_at": null, "confirmation_sent": false, "confirmation_sent_at": null, "confirmation_expires_at": null, "queue_sent": false, "queue_sent_at": null, "termination_sent": false, "termination_sent_at": null, "confirmation_response": null, "confirmation_token": null, "responded_at": null, "updated_at": "2026-04-28T10:39:29.072Z", "otp_code": null, "otp_expires_at": null, "otp_verified": false}}, {"model": "billing.actiontracker", "pk": 370, "fields": {"invoice": "INV65", "suspension_sent": true, "suspension_sent_at": "2026-04-22T09:58:49.565Z", "confirmation_sent": false, "confirmation_sent_at": null, "confirmation_expires_at": null, "queue_sent": false, "queue_sent_at": null, "termination_sent": false, "termination_sent_at": null, "confirmation_response": null, "confirmation_token": null, "responded_at": null, "updated_at": "2026-04-28T10:39:29.313Z", "otp_code": null, "otp_expires_at": null, "otp_verified": false}}, {"model": "billing.actiontracker", "pk": 371, "fields": {"invoice": "INV66", "suspension_sent": false, "suspension_sent_at": null, "confirmation_sent": false, "confirmation_sent_at": null, "confirmation_expires_at": null, "queue_sent": false, "queue_sent_at": null, "termination_sent": false, "termination_sent_at": null, "confirmation_response": null, "confirmation_token": null, "responded_at": null, "updated_at": "2026-04-28T10:39:30.641Z", "otp_code": null, "otp_expires_at": null, "otp_verified": false}}, {"model": "billing.actiontracker", "pk": 372, "fields": {"invoice": "INV67", "suspension_sent": true, "suspension_sent_at": "2026-04-22T09:58:49.579Z", "confirmation_sent": true, "confirmation_sent_at": "2026-04-22T09:58:49.579Z", "confirmation_expires_at": null, "queue_sent": false, "queue_sent_at": null, "termination_sent": false, "termination_sent_at": null, "confirmation_response": null, "confirmation_token": null, "responded_at": null, "updated_at": "2026-04-28T10:39:30.639Z", "otp_code": null, "otp_expires_at": null, "otp_verified": false}}, {"model": "billing.actiontracker", "pk": 373, "fields": {"invoice": "INV68", "suspension_sent": true, "suspension_sent_at": "2026-04-22T09:58:49.579Z", "confirmation_sent": false, "confirmation_sent_at": null, "confirmation_expires_at": null, "queue_sent": false, "queue_sent_at": null, "termination_sent": false, "termination_sent_at": null, "confirmation_response": null, "confirmation_token": null, "responded_at": null, "updated_at": "2026-04-28T10:39:31.149Z", "otp_code": null, "otp_expires_at": null, "otp_verified": false}}, {"model": "billing.actiontracker", "pk": 374, "fields": {"invoice": "INV69", "suspension_sent": true, "suspension_sent_at": "2026-04-22T09:58:49.587Z", "confirmation_sent": true, "confirmation_sent_at": "2026-04-22T09:58:49.587Z", "confirmation_expires_at": null, "queue_sent": false, "queue_sent_at": null, "termination_sent": false, "termination_sent_at": null, "confirmation_response": null, "confirmation_token": null, "responded_at": null, "updated_at": "2026-04-28T10:39:38.381Z", "otp_code": null, "otp_expires_at": null, "otp_verified": false}}, {"model": "billing.actiontracker", "pk": 375, "fields": {"invoice": "INV70", "suspension_sent": false, "suspension_sent_at": null, "confirmation_sent": false, "confirmation_sent_at": null, "confirmation_expires_at": null, "queue_sent": false, "queue_sent_at": null, "termination_sent": false, "termination_sent_at": null, "confirmation_response": null, "confirmation_token": null, "responded_at": null, "updated_at": "2026-04-28T10:39:37.312Z", "otp_code": null, "otp_expires_at": null, "otp_verified": false}}, {"model": "billing.actiontracker", "pk": 376, "fields": {"invoice": "INV71", "suspension_sent": true, "suspension_sent_at": "2026-04-22T09:58:49.598Z", "confirmation_sent": true, "confirmation_sent_at": "2026-04-22T09:58:49.598Z", "confirmation_expires_at": null, "queue_sent": false, "queue_sent_at": null, "termination_sent": false, "termination_sent_at": null, "confirmation_response": null, "confirmation_token": null, "responded_at": null, "updated_at": "2026-04-28T10:39:37.973Z", "otp_code": null, "otp_expires_at": null, "otp_verified": false}}, {"model": "billing.actiontracker", "pk": 377, "fields": {"invoice": "INV72", "suspension_sent": false, "suspension_sent_at": null, "confirmation_sent": false, "confirmation_sent_at": null, "confirmation_expires_at": null, "queue_sent": false, "queue_sent_at": null, "termination_sent": false, "termination_sent_at": null, "confirmation_response": null, "confirmation_token": null, "responded_at": null, "updated_at": "2026-04-28T10:39:37.553Z", "otp_code": null, "otp_expires_at": null, "otp_verified": false}}, {"model": "billing.actiontracker", "pk": 378, "fields": {"invoice": "INV73", "suspension_sent": false, "suspension_sent_at": null, "confirmation_sent": true, "confirmation_sent_at": "2026-04-22T09:58:49.611Z", "confirmation_expires_at": null, "queue_sent": false, "queue_sent_at": null, "termination_sent": false, "termination_sent_at": null, "confirmation_response": null, "confirmation_token": null, "responded_at": null, "updated_at": "2026-04-28T10:39:37.669Z", "otp_code": null, "otp_expires_at": null, "otp_verified": false}}, {"model": "billing.actiontracker", "pk": 379, "fields": {"invoice": "INV74", "suspension_sent": false, "suspension_sent_at": null, "confirmation_sent": false, "confirmation_sent_at": null, "confirmation_expires_at": null, "queue_sent": false, "queue_sent_at": null, "termination_sent": false, "termination_sent_at": null, "confirmation_response": null, "confirmation_token": null, "responded_at": null, "updated_at": "2026-04-28T10:39:40.913Z", "otp_code": null, "otp_expires_at": null, "otp_verified": false}}, {"model": "billing.actiontracker", "pk": 380, "fields": {"invoice": "INV75", "suspension_sent": true, "suspension_sent_at": "2026-04-22T09:58:49.629Z", "confirmation_sent": true, "confirmation_sent_at": "2026-04-22T09:58:49.629Z", "confirmation_expires_at": null, "queue_sent": false, "queue_sent_at": null, "termination_sent": false, "termination_sent_at": null, "confirmation_response": null, "confirmation_token": null, "responded_at": null, "updated_at": "2026-04-28T10:39:41.202Z", "otp_code": null, "otp_expires_at": null, "otp_verified": false}}, {"model": "billing.actiontracker", "pk": 381, "fields": {"invoice": "INV76", "suspension_sent": false, "suspension_sent_at": null, "confirmation_sent": true, "confirmation_sent_at": "2026-04-22T09:58:49.636Z", "confirmation_expires_at": null, "queue_sent": false, "queue_sent_at": null, "termination_sent": false, "termination_sent_at": null, "confirmation_response": null, "confirmation_token": null, "responded_at": null, "updated_at": "2026-04-28T10:39:41.517Z", "otp_code": null, "otp_expires_at": null, "otp_verified": false}}, {"model": "billing.actiontracker", "pk": 382, "fields": {"invoice": "INV77", "suspension_sent": true, "suspension_sent_at": "2026-04-22T09:58:49.644Z", "confirmation_sent": true, "confirmation_sent_at": "2026-04-22T09:58:49.644Z", "confirmation_expires_at": null, "queue_sent": false, "queue_sent_at": null, "termination_sent": false, "termination_sent_at": null, "confirmation_response": null, "confirmation_token": null, "responded_at": null, "updated_at": "2026-04-28T10:39:41.825Z", "otp_code": null, "otp_expires_at": null, "otp_verified": false}}, {"model": "billing.actiontracker", "pk": 383, "fields": {"invoice": "INV78", "suspension_sent": true, "suspension_sent_at": "2026-04-22T09:58:49.652Z", "confirmation_sent": false, "confirmation_sent_at": null, "confirmation_expires_at": null, "queue_sent": false, "queue_sent_at": null, "termination_sent": false, "termination_sent_at": null, "confirmation_response": null, "confirmation_token": null, "responded_at": null, "updated_at": "2026-04-28T10:39:42.425Z", "otp_code": null, "otp_expires_at": null, "otp_verified": false}}, {"model": "billing.actiontracker", "pk": 384, "fields": {"invoice": "INV79", "suspension_sent": true, "suspension_sent_at": "2026-04-22T09:58:49.660Z", "confirmation_sent": true, "confirmation_sent_at": "2026-04-22T09:58:49.660Z", "confirmation_expires_at": null, "queue_sent": false, "queue_sent_at": null, "termination_sent": false, "termination_sent_at": null, "confirmation_response": null, "confirmation_token": null, "responded_at": null, "updated_at": "2026-04-28T10:39:44.582Z", "otp_code": null, "otp_expires_at": null, "otp_verified": false}}, {"model": "billing.actiontracker", "pk": 385, "fields": {"invoice": "INV80", "suspension_sent": false, "suspension_sent_at": null, "confirmation_sent": false, "confirmation_sent_at": null, "confirmation_expires_at": null, "queue_sent": false, "queue_sent_at": null, "termination_sent": false, "termination_sent_at": null, "confirmation_response": null, "confirmation_token": null, "responded_at": null, "updated_at": "2026-04-28T10:39:44.892Z", "otp_code": null, "otp_expires_at": null, "otp_verified": false}}, {"model": "billing.actiontracker", "pk": 386, "fields": {"invoice": "INV81", "suspension_sent": true, "suspension_sent_at": "2026-04-22T09:58:49.690Z", "confirmation_sent": true, "confirmation_sent_at": "2026-04-22T09:58:49.690Z", "confirmation_expires_at": null, "queue_sent": false, "queue_sent_at": null, "termination_sent": false, "termination_sent_at": null, "confirmation_response": null, "confirmation_token": null, "responded_at": null, "updated_at": "2026-04-28T10:39:45.270Z", "otp_code": null, "otp_expires_at": null, "otp_verified": false}}, {"model": "billing.actiontracker", "pk": 387, "fields": {"invoice": "INV82", "suspension_sent": true, "suspension_sent_at": "2026-04-22T09:58:49.709Z", "confirmation_sent": false, "confirmation_sent_at": null, "confirmation_expires_at": null, "queue_sent": false, "queue_sent_at": null, "termination_sent": false, "termination_sent_at": null, "confirmation_response": null, "confirmation_token": null, "responded_at": null, "updated_at": "2026-04-28T10:39:45.587Z", "otp_code": null, "otp_expires_at": null, "otp_verified": false}}, {"model": "billing.actiontracker", "pk": 388, "fields": {"invoice": "INV83", "suspension_sent": true, "suspension_sent_at": "2026-04-22T09:58:49.734Z", "confirmation_sent": true, "confirmation_sent_at": "2026-04-22T09:58:49.734Z", "confirmation_expires_at": null, "queue_sent": false, "queue_sent_at": null, "termination_sent": false, "termination_sent_at": null, "confirmation_response": null, "confirmation_token": null, "responded_at": null, "updated_at": "2026-04-28T10:39:46.253Z", "otp_code": null, "otp_expires_at": null, "otp_verified": false}}, {"model": "billing.actiontracker", "pk": 389, "fields": {"invoice": "INV84", "suspension_sent": false, "suspension_sent_at": null, "confirmation_sent": false, "confirmation_sent_at": null, "confirmation_expires_at": null, "queue_sent": false, "queue_sent_at": null, "termination_sent": false, "termination_sent_at": null, "confirmation_response": null, "confirmation_token": null, "responded_at": null, "updated_at": "2026-04-28T10:39:48.165Z", "otp_code": null, "otp_expires_at": null, "otp_verified": false}}, {"model": "billing.actiontracker", "pk": 390, "fields": {"invoice": "INV85", "suspension_sent": true, "suspension_sent_at": "2026-04-22T09:58:49.771Z", "confirmation_sent": true, "confirmation_sent_at": "2026-04-22T09:58:49.771Z", "confirmation_expires_at": null, "queue_sent": false, "queue_sent_at": null, "termination_sent": false, "termination_sent_at": null, "confirmation_response": null, "confirmation_token": null, "responded_at": null, "updated_at": "2026-04-28T10:39:48.468Z", "otp_code": null, "otp_expires_at": null, "otp_verified": false}}, {"model": "billing.actiontracker", "pk": 391, "fields": {"invoice": "INV86", "suspension_sent": false, "suspension_sent_at": null, "confirmation_sent": true, "confirmation_sent_at": "2026-04-22T09:58:49.793Z", "confirmation_expires_at": null, "queue_sent": false, "queue_sent_at": null, "termination_sent": false, "termination_sent_at": null, "confirmation_response": null, "confirmation_token": null, "responded_at": null, "updated_at": "2026-04-28T10:39:49.004Z", "otp_code": null, "otp_expires_at": null, "otp_verified": false}}, {"model": "billing.actiontracker", "pk": 392, "fields": {"invoice": "INV87", "suspension_sent": true, "suspension_sent_at": "2026-04-22T09:58:49.813Z", "confirmation_sent": true, "confirmation_sent_at": "2026-04-22T09:58:49.813Z", "confirmation_expires_at": null, "queue_sent": false, "queue_sent_at": null, "termination_sent": false, "termination_sent_at": null, "confirmation_response": null, "confirmation_token": null, "responded_at": null, "updated_at": "2026-04-28T10:39:49.378Z", "otp_code": null, "otp_expires_at": null, "otp_verified": false}}, {"model": "billing.actiontracker", "pk": 393, "fields": {"invoice": "INV88", "suspension_sent": true, "suspension_sent_at": "2026-04-22T09:58:49.822Z", "confirmation_sent": true, "confirmation_sent_at": "2026-04-22T09:58:49.822Z", "confirmation_expires_at": null, "queue_sent": false, "queue_sent_at": null, "termination_sent": false, "termination_sent_at": null, "confirmation_response": null, "confirmation_token": null, "responded_at": null, "updated_at": "2026-04-28T10:39:50.094Z", "otp_code": null, "otp_expires_at": null, "otp_verified": false}}, {"model": "billing.actiontracker", "pk": 394, "fields": {"invoice": "INV89", "suspension_sent": false, "suspension_sent_at": null, "confirmation_sent": true, "confirmation_sent_at": "2026-04-22T09:58:49.832Z", "confirmation_expires_at": null, "queue_sent": false, "queue_sent_at": null, "termination_sent": false, "termination_sent_at": null, "confirmation_response": null, "confirmation_token": null, "responded_at": null, "updated_at": "2026-04-28T10:39:56.033Z", "otp_code": null, "otp_expires_at": null, "otp_verified": false}}, {"model": "billing.actiontracker", "pk": 395, "fields": {"invoice": "INV90", "suspension_sent": false, "suspension_sent_at": null, "confirmation_sent": false, "confirmation_sent_at": null, "confirmation_expires_at": null, "queue_sent": false, "queue_sent_at": null, "termination_sent": false, "termination_sent_at": null, "confirmation_response": null, "confirmation_token": null, "responded_at": null, "updated_at": "2026-04-28T10:39:56.786Z", "otp_code": null, "otp_expires_at": null, "otp_verified": false}}, {"model": "billing.actiontracker", "pk": 396, "fields": {"invoice": "INV91", "suspension_sent": true, "suspension_sent_at": "2026-04-22T09:58:49.855Z", "confirmation_sent": true, "confirmation_sent_at": "2026-04-22T09:58:49.855Z", "confirmation_expires_at": null, "queue_sent": false, "queue_sent_at": null, "termination_sent": false, "termination_sent_at": null, "confirmation_response": null, "confirmation_token": null, "responded_at": null, "updated_at": "2026-04-28T10:39:57.320Z", "otp_code": null, "otp_expires_at": null, "otp_verified": false}}, {"model": "billing.actiontracker", "pk": 397, "fields": {"invoice": "INV92", "suspension_sent": false, "suspension_sent_at": null, "confirmation_sent": false, "confirmation_sent_at": null, "confirmation_expires_at": null, "queue_sent": false, "queue_sent_at": null, "termination_sent": false, "termination_sent_at": null, "confirmation_response": null, "confirmation_token": null, "responded_at": null, "updated_at": "2026-04-28T10:39:57.057Z", "otp_code": null, "otp_expires_at": null, "otp_verified": false}}, {"model": "billing.actiontracker", "pk": 398, "fields": {"invoice": "INV93", "suspension_sent": true, "suspension_sent_at": "2026-04-22T09:58:49.873Z", "confirmation_sent": true, "confirmation_sent_at": "2026-04-22T09:58:49.873Z", "confirmation_expires_at": null, "queue_sent": false, "queue_sent_at": null, "termination_sent": false, "termination_sent_at": null, "confirmation_response": null, "confirmation_token": null, "responded_at": null, "updated_at": "2026-04-28T10:39:56.403Z", "otp_code": null, "otp_expires_at": null, "otp_verified": false}}, {"model": "billing.actiontracker", "pk": 399, "fields": {"invoice": "INV94", "suspension_sent": true, "suspension_sent_at": "2026-04-22T09:58:49.879Z", "confirmation_sent": true, "confirmation_sent_at": "2026-04-22T09:58:49.879Z", "confirmation_expires_at": null, "queue_sent": false, "queue_sent_at": null, "termination_sent": false, "termination_sent_at": null, "confirmation_response": null, "confirmation_token": null, "responded_at": null, "updated_at": "2026-04-28T10:39:59.725Z", "otp_code": null, "otp_expires_at": null, "otp_verified": false}}, {"model": "billing.actiontracker", "pk": 400, "fields": {"invoice": "INV95", "suspension_sent": false, "suspension_sent_at": null, "confirmation_sent": true, "confirmation_sent_at": "2026-04-22T09:58:49.885Z", "confirmation_expires_at": null, "queue_sent": false, "queue_sent_at": null, "termination_sent": false, "termination_sent_at": null, "confirmation_response": null, "confirmation_token": null, "responded_at": null, "updated_at": "2026-04-28T10:40:00.045Z", "otp_code": null, "otp_expires_at": null, "otp_verified": false}}, {"model": "billing.actiontracker", "pk": 401, "fields": {"invoice": "INV96", "suspension_sent": false, "suspension_sent_at": null, "confirmation_sent": true, "confirmation_sent_at": "2026-04-22T09:58:49.892Z", "confirmation_expires_at": null, "queue_sent": false, "queue_sent_at": null, "termination_sent": false, "termination_sent_at": null, "confirmation_response": null, "confirmation_token": null, "responded_at": null, "updated_at": "2026-04-28T10:40:00.398Z", "otp_code": null, "otp_expires_at": null, "otp_verified": false}}, {"model": "billing.actiontracker", "pk": 402, "fields": {"invoice": "INV97", "suspension_sent": false, "suspension_sent_at": null, "confirmation_sent": false, "confirmation_sent_at": null, "confirmation_expires_at": null, "queue_sent": false, "queue_sent_at": null, "termination_sent": false, "termination_sent_at": null, "confirmation_response": null, "confirmation_token": null, "responded_at": null, "updated_at": "2026-04-28T10:40:00.737Z", "otp_code": null, "otp_expires_at": null, "otp_verified": false}}, {"model": "billing.actiontracker", "pk": 403, "fields": {"invoice": "INV98", "suspension_sent": false, "suspension_sent_at": null, "confirmation_sent": false, "confirmation_sent_at": null, "confirmation_expires_at": null, "queue_sent": false, "queue_sent_at": null, "termination_sent": false, "termination_sent_at": null, "confirmation_response": null, "confirmation_token": null, "responded_at": null, "updated_at": "2026-04-28T10:40:01.101Z", "otp_code": null, "otp_expires_at": null, "otp_verified": false}}, {"model": "billing.actiontracker", "pk": 404, "fields": {"invoice": "INV99", "suspension_sent": false, "suspension_sent_at": null, "confirmation_sent": true, "confirmation_sent_at": "2026-04-29T05:39:59.720Z", "confirmation_expires_at": "2026-05-01T05:39:55.614Z", "queue_sent": false, "queue_sent_at": null, "termination_sent": false, "termination_sent_at": null, "confirmation_response": "yes", "confirmation_token": null, "responded_at": "2026-04-29T06:15:49.533Z", "updated_at": "2026-04-29T06:15:49.533Z", "otp_code": null, "otp_expires_at": "2026-04-29T06:22:56.867Z", "otp_verified": true}}, {"model": "billing.notification", "pk": 82, "fields": {"invoice": "INV99", "message": "Client verified OTP and confirmed termination for invoice INV99.", "type": "action", "created_at": "2026-04-29T06:15:49.538Z", "target_groups": []}}, {"model": "billing.emaillog", "pk": 301, "fields": {"ticket": "HFY-255-20112", "invoice": "INV0", "email_type": "suspension", "status": "sent", "retry_count": 0, "last_error": null, "sent_at": "2026-04-29T05:38:28.987Z", "sent_by": null}}, {"model": "billing.emaillog", "pk": 302, "fields": {"ticket": "XKJ-531-87606", "invoice": "INV99", "email_type": "confirmation", "status": "sent", "retry_count": 0, "last_error": null, "sent_at": "2026-04-29T05:39:55.618Z", "sent_by": null}}, {"model": "billing.emailtemplate", "pk": 3, "fields": {"name": "Invoice Generated", "template_type": "invoice_generated", "subject": "Invoice Payment Link from Square Brothers - {{ invoice_id }}", "body": "Hi {{ client_name }},\r\n\r\nAn Invoice has been generated and is due for payment by {{ due_date }}.\r\n\r\nInvoiced Items:\r\n===============\r\n\r\n{{ plan }} - {{ domain }}\r\n\r\nYou can conveniently make your payment using:\r\nhttps://www.squarebrothers.com/payment-methods/\r\n\r\nInvoice Number: {{ invoice_id }}\r\nInvoice Amount: {{ amount }}\r\n\r\nAlternatively, login at:\r\nhttps://manage.squarebrothers.com/\r\n\r\nIf you need help, call: 044-4000-9000\r\n\r\nAfter payment, reply with transaction details.\r\n\r\nThank you for choosing Square Brothers!", "is_active": true, "updated_at": "2026-04-26T13:13:26.800Z"}}, {"model": "billing.emailtemplate", "pk": 4, "fields": {"name": "Due Tomorrow", "template_type": "due_tomorrow", "subject": "Due Date Reminder - {{ domain }}", "body": "Dear Customer,\r\n\r\nYour {{ service }} for {{ domain }} is expiring on {{ due_date }}.\r\n\r\nInvoice Number: {{ invoice_id }}\r\nAmount: Rs. {{ amount }}\r\nPlan: {{ plan }}\r\n\r\nPay here:\r\nhttps://www.squarebrothers.com/payment-methods/\r\n\r\nPlease make the payment immediately.", "is_active": true, "updated_at": "2026-04-26T15:27:25.212Z"}}, {"model": "billing.emailtemplate", "pk": 5, "fields": {"name": "Due Today", "template_type": "due_today", "subject": "Due Today - {{ domain }}", "body": "Dear Customer,\r\n\r\nYour {{ service }} for {{ domain }} is expiring today.\r\n\r\nInvoice Number: {{ invoice_id }}\r\nAmount: Rs. {{ amount }}\r\nPlan: {{ plan }}\r\n\r\nPay here:\r\nhttps://www.squarebrothers.com/payment-methods/\r\n\r\nPlease make the payment immediately.", "is_active": true, "updated_at": "2026-04-26T15:48:28.336Z"}}, {"model": "billing.emailtemplate", "pk": 6, "fields": {"name": "Suspension", "template_type": "suspension", "subject": "Suspension Notice - {{ domain }}", "body": "Dear Customer,\r\n\r\nYour account has been suspended due to non-payment.\r\n\r\nInvoice Number: {{ invoice_id }}\r\nAmount: Rs. {{ amount }}\r\n\r\nIf payment is not made within 48 hours, your account will be permanently deleted.\r\n\r\nPay now:\r\nhttps://www.squarebrothers.com/payment-methods/", "is_active": true, "updated_at": "2026-04-26T15:50:57.015Z"}}, {"model": "billing.emailtemplate", "pk": 7, "fields": {"name": "Confirmation", "template_type": "confirmation", "subject": "Confirm Renewal - {{ domain }}", "body": "Dear Customer,\r\n\r\nPlease confirm whether you want to renew {{ service }} for:\r\n\r\n{{ domain }} ({{ plan }})\r\n\r\nIf not, we will proceed with account removal.", "is_active": true, "updated_at": "2026-04-26T15:51:48.299Z"}}, {"model": "billing.emailtemplate", "pk": 8, "fields": {"name": "Queue (Termination Queue)", "template_type": "queue", "subject": "Account Queued for Termination - {{ domain }}", "body": "Hi {{ client_name }},\r\n\r\nNo update received for renewal of:\r\n\r\n{{ domain }} ({{ plan }})\r\n\r\nYour account is now queued for removal.\r\n\r\nAll data will be permanently deleted.\r\n\r\nConfirm if you want to retain the account.", "is_active": true, "updated_at": "2026-04-26T15:52:27.136Z"}}, {"model": "billing.emailtemplate", "pk": 9, "fields": {"name": "Final Termination", "template_type": "termination", "subject": "Termination Notice - {{ domain }}", "body": "Dear Customer,\r\n\r\nYour {{ service }} for {{ domain }} will be terminated today.\r\n\r\nInvoice Number: {{ invoice_id }}\r\nAmount: Rs. {{ amount }}\r\nPlan: {{ plan }}\r\n\r\nFor recovery, call: 044-4000 9000", "is_active": true, "updated_at": "2026-04-26T15:54:35.567Z"}}, {"model": "billing.emailtemplate", "pk": 10, "fields": {"name": "Suspension 2", "template_type": "suspension", "subject": "Subject {{ domain }} for {{ plan }} from SB", "body": "Hi  {{ client_name }}", "is_active": true, "updated_at": "2026-04-28T02:47:16.752Z"}}]